order_line_id,dc_id,promised_date,qty_committed,shipment_group
OL-0175081,CD-PR,2026-09-17,450,GRP-00000
OL-0175085,CD-SP,2026-09-18,300,GRP-00001
OL-0175079,CD-SP,2026-09-18,450,GRP-00001
OL-0175080,CD-SP,2026-09-18,300,GRP-00001
OL-0175086,CD-PR,2026-09-17,700,GRP-00000
OL-0175087,CD-PR,2026-09-17,300,GRP-00000
OL-0175088,CD-SP,2026-09-18,900,GRP-00001
OL-0175089,CD-SP,2026-09-18,300,GRP-00001
OL-0175084,CD-SP,2026-09-18,450,GRP-00002
OL-0175082,CD-PE,2026-09-22,1400,GRP-00003
OL-0175083,CD-PE,2026-09-22,450,GRP-00003
OL-0175091,CD-SP,2026-09-18,2100,GRP-00002
OL-0175090,CD-GO,2026-09-21,700,GRP-00004
OL-0175174,CD-SP,2026-09-21,700,GRP-00005
OL-0175175,CD-SP,2026-09-21,600,GRP-00005
OL-0175181,CD-SP,2026-09-21,700,GRP-00005
OL-0175182,CD-SP,2026-09-21,900,GRP-00005
OL-0175180,CD-GO,2026-09-21,300,GRP-00004
OL-0175176,CD-SP,2026-09-21,700,GRP-00005
OL-0175177,CD-SP,2026-09-21,450,GRP-00005
OL-0175172,CD-SP,2026-09-21,300,GRP-00006
OL-0175173,CD-SP,2026-09-21,300,GRP-00006
OL-0175165,CD-PR,2026-09-18,1400,GRP-00007
OL-0175166,CD-PR,2026-09-18,300,GRP-00007
OL-0175178,CD-GO,2026-09-21,700,GRP-00004
OL-0175179,CD-GO,2026-09-21,450,GRP-00004
OL-0175168,CD-PE,2026-09-24,700,GRP-00008
OL-0175169,CD-PE,2026-09-24,900,GRP-00008
OL-0175170,CD-PE,2026-09-24,300,GRP-00008
OL-0175171,CD-PE,2026-09-24,300,GRP-00008
OL-0175167,CD-PR,2026-09-21,900,GRP-00009
OL-0175282,CD-SP,2026-09-22,700,GRP-00010
OL-0175281,CD-PR,2026-09-21,300,GRP-00009
OL-0175278,CD-SP,2026-09-22,2100,GRP-00010
OL-0175279,CD-SP,2026-09-22,700,GRP-00010
OL-0175273,CD-PR,2026-09-21,700,GRP-00009
OL-0175274,CD-PR,2026-09-21,450,GRP-00009
OL-0175284,CD-GO,2026-09-22,450,GRP-00011
OL-0175285,CD-GO,2026-09-22,300,GRP-00011
OL-0175283,CD-GO,2026-09-22,700,GRP-00011
OL-0175275,CD-PE,2026-09-24,1400,GRP-00008
OL-0175276,CD-PE,2026-09-24,450,GRP-00008
OL-0175277,CD-PE,2026-09-24,600,GRP-00008
OL-0175280,CD-SP,2026-09-22,300,GRP-00012
OL-0175286,CD-SP,2026-09-22,900,GRP-00012
OL-0175271,CD-SP,2026-09-22,450,GRP-00012
OL-0175272,CD-SP,2026-09-22,600,GRP-00012
OL-0175365,CD-SP,2026-09-23,300,GRP-00013
OL-0175368,CD-PE,2026-09-25,700,GRP-00014
OL-0175369,CD-PE,2026-09-25,900,GRP-00014
OL-0175370,CD-PE,2026-09-25,300,GRP-00014
OL-0175371,CD-PE,2026-09-25,300,GRP-00014
OL-0175381,CD-GO,2026-09-23,300,GRP-00015
OL-0175366,CD-PR,2026-09-22,700,GRP-00016
OL-0175367,CD-PR,2026-09-22,900,GRP-00016
OL-0175374,CD-SP,2026-09-23,2100,GRP-00013
OL-0175375,CD-SP,2026-09-23,300,GRP-00013
OL-0175376,CD-SP,2026-09-23,500,GRP-00013
OL-0175377,CD-SP,2026-09-23,900,GRP-00013
OL-0175378,CD-PR,2026-09-22,300,GRP-00016
OL-0175379,CD-SP,2026-09-23,450,GRP-00017
OL-0175380,CD-SP,2026-09-23,300,GRP-00017
OL-0175372,CD-SP,2026-09-23,700,GRP-00017
OL-0175373,CD-SP,2026-09-23,300,GRP-00017
OL-0175364,CD-PR,2026-09-22,300,GRP-00016
OL-0175472,CD-PR,2026-09-23,1400,GRP-00018
OL-0175478,CD-GO,2026-09-24,450,GRP-00019
OL-0175470,CD-SP,2026-09-24,450,GRP-00020
OL-0175471,CD-SP,2026-09-24,500,GRP-00020
OL-0175466,CD-PR,2026-09-23,300,GRP-00018
OL-0175469,CD-SP,2026-09-24,450,GRP-00020
OL-0175467,CD-PE,2026-09-28,700,GRP-00021
OL-0175468,CD-SP,2026-09-24,300,GRP-00020
OL-0175476,CD-GO,2026-09-25,700,GRP-00022
OL-0175477,CD-GO,2026-09-25,300,GRP-00022
OL-0175473,CD-SP,2026-09-24,1400,GRP-00023
OL-0175474,CD-SP,2026-09-24,300,GRP-00023
OL-0175475,CD-SP,2026-09-24,300,GRP-00023
OL-0175555,CD-SP,2026-09-25,700,GRP-00024
OL-0175560,CD-SP,2026-09-25,450,GRP-00024
OL-0175559,CD-PR,2026-09-24,300,GRP-00025
OL-0175561,CD-GO,2026-09-25,450,GRP-00022
OL-0175544,CD-PR,2026-09-24,700,GRP-00025
OL-0175545,CD-PR,2026-09-24,450,GRP-00025
OL-0175546,CD-PR,2026-09-24,300,GRP-00025
OL-0175550,CD-PE,2026-09-29,1400,GRP-00026
OL-0175551,CD-PE,2026-09-29,900,GRP-00026
OL-0175552,CD-PE,2026-09-29,300,GRP-00026
OL-0175553,CD-PE,2026-09-29,600,GRP-00026
OL-0175554,CD-PE,2026-09-29,500,GRP-00026
OL-0175556,CD-SP,2026-09-25,900,GRP-00024
OL-0175547,CD-SP,2026-09-25,300,GRP-00027
OL-0175557,CD-SP,2026-09-25,300,GRP-00027
OL-0175558,CD-SP,2026-09-25,500,GRP-00027
OL-0175548,CD-PR,2026-09-24,700,GRP-00025
OL-0175549,CD-PR,2026-09-24,450,GRP-00025
OL-0175562,CD-SP,2026-09-28,1400,GRP-00028
OL-0175563,CD-SP,2026-09-28,300,GRP-00028
OL-0175668,CD-GO,2026-09-28,700,GRP-00029
OL-0175669,CD-GO,2026-09-28,300,GRP-00029
OL-0175658,CD-SP,2026-09-28,700,GRP-00028
OL-0175659,CD-SP,2026-09-28,600,GRP-00028
OL-0175660,CD-SP,2026-09-28,900,GRP-00028
OL-0175661,CD-PE,2026-09-30,1400,GRP-00030
OL-0175662,CD-PE,2026-09-30,450,GRP-00030
OL-0175663,CD-PE,2026-09-30,600,GRP-00030
OL-0175667,CD-SP,2026-09-28,2100,GRP-00028
OL-0175655,CD-PR,2026-09-25,700,GRP-00031
OL-0175656,CD-PR,2026-09-25,900,GRP-00031
OL-0175657,CD-PR,2026-09-25,300,GRP-00031
OL-0175666,CD-PR,2026-09-25,500,GRP-00031
OL-0175664,CD-SP,2026-09-28,450,GRP-00032
OL-0175670,CD-SP,2026-09-28,1350,GRP-00032
OL-0175665,CD-SP,2026-09-28,700,GRP-00032
OL-0175781,CD-GO,2026-09-29,700,GRP-00033
OL-0175782,CD-GO,2026-09-29,300,GRP-00033
OL-0175783,CD-GO,2026-09-29,300,GRP-00033
OL-0175773,CD-SP,2026-09-29,450,GRP-00034
OL-0175774,CD-SP,2026-09-29,300,GRP-00034
OL-0175777,CD-PR,2026-09-28,700,GRP-00035
OL-0175778,CD-PR,2026-09-28,300,GRP-00035
OL-0175775,CD-SP,2026-09-29,450,GRP-00034
OL-0175776,CD-SP,2026-09-29,600,GRP-00034
OL-0175765,CD-PR,2026-09-28,300,GRP-00035
OL-0175766,CD-PR,2026-09-28,700,GRP-00035
OL-0175767,CD-PR,2026-09-28,450,GRP-00035
OL-0175768,CD-PE,2026-10-01,1400,GRP-00036
OL-0175769,CD-PE,2026-10-01,900,GRP-00036
OL-0175770,CD-PE,2026-10-01,300,GRP-00036
OL-0175771,CD-PE,2026-10-01,300,GRP-00036
OL-0175780,CD-GO,2026-09-29,450,GRP-00033
OL-0175772,CD-SP,2026-09-29,1400,GRP-00034
OL-0175784,CD-SP,2026-09-29,450,GRP-00037
OL-0175785,CD-SP,2026-09-29,300,GRP-00037
OL-0175786,CD-SP,2026-09-29,500,GRP-00037
OL-0175779,CD-SP,2026-09-30,700,GRP-00038
OL-0175884,CD-GO,2026-09-30,700,GRP-00039
OL-0175885,CD-GO,2026-09-30,300,GRP-00039
OL-0175886,CD-SP,2026-09-30,700,GRP-00038
OL-0175887,CD-SP,2026-09-30,900,GRP-00038
OL-0175880,CD-SP,2026-09-30,300,GRP-00038
OL-0175881,CD-SP,2026-09-30,600,GRP-00038
OL-0175882,CD-SP,2026-09-30,500,GRP-00038
OL-0175879,CD-SP,2026-09-30,1400,GRP-00038
OL-0175872,CD-PR,2026-09-29,300,GRP-00040
OL-0175873,CD-PR,2026-09-29,700,GRP-00040
OL-0175874,CD-PR,2026-09-29,450,GRP-00040
OL-0175883,CD-GO,2026-09-30,450,GRP-00039
OL-0175875,CD-PE,2026-10-02,700,GRP-00041
OL-0175876,CD-PE,2026-10-02,450,GRP-00041
OL-0175877,CD-PE,2026-10-02,300,GRP-00041
OL-0175878,CD-PE,2026-10-02,300,GRP-00041
OL-0175975,CD-PR,2026-09-30,300,GRP-00042
OL-0175982,CD-SP,2026-10-01,300,GRP-00043
OL-0175986,CD-SP,2026-10-01,900,GRP-00043
OL-0175977,CD-PE,2026-10-05,700,GRP-00044
OL-0175978,CD-PE,2026-10-05,450,GRP-00044
OL-0175979,CD-PE,2026-10-05,300,GRP-00044
OL-0175980,CD-PE,2026-10-05,500,GRP-00044
OL-0175983,CD-PR,2026-09-30,700,GRP-00042
OL-0175984,CD-PR,2026-09-30,450,GRP-00042
OL-0175985,CD-PR,2026-09-30,300,GRP-00042
OL-0175981,CD-SP,2026-10-01,300,GRP-00043
OL-0175976,CD-PR,2026-10-02,1400,GRP-00045
OL-0175094,CD-PR,2026-09-21,1400,GRP-00046
OL-0175093,CD-PE,2026-09-22,450,GRP-00003
OL-0175096,CD-SP,2026-09-18,1350,GRP-00002
OL-0175097,CD-SP,2026-09-18,300,GRP-00002
OL-0175095,CD-PR,2026-09-17,700,GRP-00000
OL-0175092,CD-PE,2026-09-22,700,GRP-00003
OL-0175188,CD-GO,2026-09-21,450,GRP-00004
OL-0175186,CD-PE,2026-09-23,300,GRP-00047
OL-0175189,CD-PR,2026-09-22,2100,GRP-00048
OL-0175183,CD-PR,2026-09-18,700,GRP-00007
OL-0175184,CD-PR,2026-09-18,900,GRP-00007
OL-0175185,CD-PR,2026-09-18,300,GRP-00007
OL-0175193,CD-PE,2026-09-23,700,GRP-00047
OL-0175198,CD-SP,2026-09-21,300,GRP-00006
OL-0175190,CD-SP,2026-09-21,300,GRP-00006
OL-0175196,CD-SP,2026-09-21,450,GRP-00049
OL-0175197,CD-SP,2026-09-21,300,GRP-00049
OL-0175194,CD-GO,2026-09-21,700,GRP-00050
OL-0175195,CD-GO,2026-09-21,300,GRP-00050
OL-0175191,CD-SP,2026-09-21,450,GRP-00049
OL-0175192,CD-SP,2026-09-21,300,GRP-00049
OL-0175187,CD-PE,2026-09-23,450,GRP-00047
OL-0175298,CD-PE,2026-09-24,700,GRP-00008
OL-0175300,CD-PE,2026-09-24,300,GRP-00008
OL-0175299,CD-GO,2026-09-22,700,GRP-00011
OL-0175287,CD-PE,2026-09-24,450,GRP-00051
OL-0175288,CD-PE,2026-09-24,300,GRP-00051
OL-0175296,CD-PR,2026-09-23,700,GRP-00052
OL-0175289,CD-PR,2026-09-21,450,GRP-00009
OL-0175290,CD-PR,2026-09-21,300,GRP-00009
OL-0175291,CD-PR,2026-09-21,300,GRP-00009
OL-0175292,CD-SP,2026-09-22,300,GRP-00053
OL-0175293,CD-PR,2026-09-23,1400,GRP-00052
OL-0175294,CD-SP,2026-09-22,900,GRP-00053
OL-0175297,CD-SP,2026-09-22,600,GRP-00053
OL-0175295,CD-PR,2026-09-21,700,GRP-00054
OL-0175385,CD-PR,2026-09-22,700,GRP-00055
OL-0175391,CD-SP,2026-09-23,450,GRP-00017
OL-0175392,CD-SP,2026-09-23,300,GRP-00017
OL-0175393,CD-SP,2026-09-23,300,GRP-00017
OL-0175386,CD-GO,2026-09-23,450,GRP-00015
OL-0175387,CD-GO,2026-09-23,300,GRP-00015
OL-0175383,CD-PE,2026-09-25,700,GRP-00014
OL-0175384,CD-PE,2026-09-25,300,GRP-00014
OL-0175396,CD-PR,2026-09-22,450,GRP-00055
OL-0175388,CD-PR,2026-09-24,1400,GRP-00056
OL-0175389,CD-SP,2026-09-23,500,GRP-00057
OL-0175395,CD-PE,2026-09-25,450,GRP-00014
OL-0175397,CD-GO,2026-09-29,300,GRP-00058
OL-0175398,CD-SP,2026-09-24,450,GRP-00059
OL-0175382,CD-GO,2026-09-30,450,GRP-00060
OL-0175394,CD-GO,2026-09-30,700,GRP-00060
OL-0175390,CD-PR,2026-09-25,700,GRP-00061
OL-0175484,CD-PR,2026-09-25,700,GRP-00061
OL-0175479,CD-SP,2026-09-24,300,GRP-00059
OL-0175486,CD-SP,2026-09-24,450,GRP-00059
OL-0175480,CD-PR,2026-09-23,700,GRP-00018
OL-0175481,CD-PR,2026-09-23,300,GRP-00018
OL-0175485,CD-PE,2026-09-28,700,GRP-00021
OL-0175482,CD-GO,2026-09-24,700,GRP-00019
OL-0175483,CD-SP,2026-09-24,300,GRP-00062
OL-0175567,CD-PE,2026-09-29,700,GRP-00026
OL-0175572,CD-SP,2026-09-25,450,GRP-00027
OL-0175573,CD-SP,2026-09-25,300,GRP-00027
OL-0175574,CD-SP,2026-09-25,500,GRP-00027
OL-0175578,CD-PE,2026-09-29,450,GRP-00026
OL-0175575,CD-PR,2026-09-24,300,GRP-00063
OL-0175579,CD-PR,2026-09-24,700,GRP-00063
OL-0175580,CD-PR,2026-09-24,300,GRP-00063
OL-0175571,CD-PR,2026-09-28,700,GRP-00064
OL-0175564,CD-PR,2026-09-28,700,GRP-00064
OL-0175569,CD-PE,2026-09-29,300,GRP-00065
OL-0175570,CD-GO,2026-09-25,300,GRP-00022
OL-0175577,CD-SP,2026-09-25,300,GRP-00066
OL-0175576,CD-SP,2026-09-25,900,GRP-00066
OL-0175568,CD-PR,2026-09-24,900,GRP-00063
OL-0175565,CD-PE,2026-09-30,700,GRP-00030
OL-0175566,CD-PE,2026-09-30,300,GRP-00030
OL-0175679,CD-PR,2026-09-25,700,GRP-00031
OL-0175683,CD-PR,2026-09-29,700,GRP-00067
OL-0175684,CD-SP,2026-09-28,300,GRP-00068
OL-0175685,CD-SP,2026-09-28,500,GRP-00068
OL-0175675,CD-SP,2026-09-28,600,GRP-00068
OL-0175686,CD-GO,2026-09-28,450,GRP-00029
OL-0175681,CD-PR,2026-09-25,300,GRP-00069
OL-0175671,CD-PR,2026-09-29,700,GRP-00067
OL-0175680,CD-PR,2026-09-29,1400,GRP-00067
OL-0175689,CD-SP,2026-09-28,450,GRP-00068
OL-0175676,CD-GO,2026-09-28,700,GRP-00029
OL-0175677,CD-GO,2026-09-28,300,GRP-00029
OL-0175687,CD-PE,2026-09-30,500,GRP-00030
OL-0175678,CD-SP,2026-09-28,450,GRP-00070
OL-0175682,CD-SP,2026-09-28,300,GRP-00070
OL-0175672,CD-PE,2026-09-30,700,GRP-00030
OL-0175688,CD-PR,2026-09-25,450,GRP-00069
OL-0175673,CD-PE,2026-10-01,450,GRP-00036
OL-0175674,CD-PE,2026-10-01,600,GRP-00036
OL-0175799,CD-PE,2026-10-01,700,GRP-00036
OL-0175795,CD-PR,2026-09-30,700,GRP-00071
OL-0175792,CD-PR,2026-09-28,700,GRP-00072
OL-0175793,CD-PR,2026-09-28,450,GRP-00072
OL-0175794,CD-PR,2026-09-28,500,GRP-00072
OL-0175796,CD-PE,2026-10-01,450,GRP-00073
OL-0175790,CD-PE,2026-10-01,300,GRP-00073
OL-0175791,CD-PE,2026-10-01,300,GRP-00073
OL-0175798,CD-SP,2026-09-29,300,GRP-00037
OL-0175787,CD-GO,2026-10-05,450,GRP-00074
OL-0175800,CD-SP,2026-09-29,450,GRP-00037
OL-0175801,CD-GO,2026-10-05,700,GRP-00074
OL-0175797,CD-SP,2026-09-29,600,GRP-00075
OL-0175788,CD-PR,2026-09-30,700,GRP-00071
OL-0175789,CD-SP,2026-09-29,450,GRP-00075
OL-0175888,CD-PE,2026-10-02,300,GRP-00041
OL-0175894,CD-PR,2026-09-29,300,GRP-00040
OL-0175896,CD-PE,2026-10-02,450,GRP-00041
OL-0175898,CD-PE,2026-10-02,700,GRP-00076
OL-0175891,CD-GO,2026-09-30,700,GRP-00039
OL-0175892,CD-GO,2026-09-30,450,GRP-00039
OL-0175893,CD-GO,2026-09-30,300,GRP-00039
OL-0175901,CD-GO,2026-10-06,300,GRP-00077
OL-0175889,CD-PR,2026-09-29,450,GRP-00078
OL-0175890,CD-PR,2026-09-29,300,GRP-00078
OL-0175900,CD-PR,2026-09-29,700,GRP-00078
OL-0175897,CD-PR,2026-10-01,700,GRP-00079
OL-0175902,CD-PR,2026-10-01,700,GRP-00079
OL-0175903,CD-SP,2026-09-30,450,GRP-00080
OL-0175895,CD-SP,2026-09-30,600,GRP-00080
OL-0175899,CD-SP,2026-09-30,450,GRP-00080
OL-0175992,CD-SP,2026-10-01,500,GRP-00081
OL-0175988,CD-PR,2026-09-30,300,GRP-00042
OL-0175993,CD-GO,2026-10-01,300,GRP-00082
OL-0175989,CD-PE,2026-10-05,450,GRP-00044
OL-0175995,CD-PR,2026-10-02,1400,GRP-00083
OL-0175994,CD-PR,2026-09-30,700,GRP-00084
OL-0175991,CD-SP,2026-10-01,450,GRP-00081
OL-0175987,CD-PE,2026-10-05,700,GRP-00044
OL-0175990,CD-SP,2026-10-01,300,GRP-00081
OL-0175107,CD-PR,2026-09-16,350,GRP-00085
OL-0175112,CD-PR,2026-09-16,75,GRP-00085
OL-0175113,CD-PR,2026-09-16,75,GRP-00085
OL-0175115,CD-SP,2026-09-16,175,GRP-00086
OL-0175098,CD-PE,2026-09-18,175,GRP-00087
OL-0175116,CD-SP,2026-09-16,75,GRP-00086
OL-0175119,CD-GO,2026-09-17,175,GRP-00088
OL-0175120,CD-SP,2026-09-16,224,GRP-00086
OL-0175123,CD-PE,2026-09-18,75,GRP-00087
OL-0175099,CD-SP,2026-09-16,75,GRP-00086
OL-0175100,CD-PR,2026-09-16,112,GRP-00085
OL-0175104,CD-PE,2026-09-18,75,GRP-00087
OL-0175103,CD-PE,2026-09-18,350,GRP-00087
OL-0175117,CD-SP,2026-09-16,224,GRP-00086
OL-0175118,CD-GO,2026-09-17,112,GRP-00088
OL-0175102,CD-SP,2026-09-16,75,GRP-00086
OL-0175114,CD-PR,2026-09-17,525,GRP-00089
OL-0175101,CD-GO,2026-09-17,75,GRP-00088
OL-0175105,CD-SP,2026-09-16,175,GRP-00086
OL-0175106,CD-SP,2026-09-16,224,GRP-00086
OL-0175122,CD-SP,2026-09-16,112,GRP-00086
OL-0175121,CD-PR,2026-09-16,75,GRP-00085
OL-0175108,CD-PE,2026-09-21,224,GRP-00090
OL-0175110,CD-PR,2026-09-18,175,GRP-00091
OL-0175111,CD-SP,2026-09-17,75,GRP-00092
OL-0175109,CD-SP,2026-09-17,150,GRP-00092
OL-0175222,CD-PR,2026-09-17,75,GRP-00093
OL-0175221,CD-SP,2026-09-17,125,GRP-00092
OL-0175199,CD-SP,2026-09-17,150,GRP-00092
OL-0175213,CD-SP,2026-09-17,112,GRP-00092
OL-0175216,CD-GO,2026-09-24,175,GRP-00094
OL-0175210,CD-PE,2026-09-21,75,GRP-00090
OL-0175223,CD-PR,2026-09-18,350,GRP-00091
OL-0175224,CD-GO,2026-09-18,112,GRP-00095
OL-0175225,CD-GO,2026-09-18,75,GRP-00095
OL-0175207,CD-SP,2026-09-17,224,GRP-00092
OL-0175203,CD-PR,2026-09-17,448,GRP-00093
OL-0175201,CD-GO,2026-09-24,112,GRP-00094
OL-0175200,CD-SP,2026-09-17,75,GRP-00092
OL-0175218,CD-PR,2026-09-17,525,GRP-00093
OL-0175226,CD-PE,2026-09-21,350,GRP-00090
OL-0175217,CD-PE,2026-09-21,336,GRP-00090
OL-0175202,CD-PR,2026-09-17,75,GRP-00093
OL-0175204,CD-PE,2026-09-21,112,GRP-00090
OL-0175205,CD-PE,2026-09-21,125,GRP-00090
OL-0175208,CD-GO,2026-09-18,75,GRP-00095
OL-0175220,CD-SP,2026-09-17,224,GRP-00092
OL-0175211,CD-GO,2026-09-18,350,GRP-00095
OL-0175219,CD-PR,2026-09-18,525,GRP-00091
OL-0175209,CD-SP,2026-09-17,375,GRP-00096
OL-0175206,CD-PE,2026-09-21,150,GRP-00090
OL-0175214,CD-SP,2026-09-17,112,GRP-00096
OL-0175212,CD-GO,2026-09-24,75,GRP-00094
OL-0175215,CD-PE,2026-09-21,175,GRP-00090
OL-0175324,CD-SP,2026-09-18,150,GRP-00097
OL-0175306,CD-PE,2026-09-22,112,GRP-00098
OL-0175322,CD-GO,2026-09-21,75,GRP-00099
OL-0175314,CD-PR,2026-09-21,525,GRP-00100
OL-0175302,CD-PR,2026-09-18,175,GRP-00101
OL-0175303,CD-PR,2026-09-18,224,GRP-00101
OL-0175317,CD-PE,2026-09-22,75,GRP-00098
OL-0175318,CD-PR,2026-09-18,75,GRP-00101
OL-0175313,CD-PR,2026-09-18,125,GRP-00101
OL-0175307,CD-GO,2026-09-25,112,GRP-00102
OL-0175309,CD-GO,2026-09-21,112,GRP-00099
OL-0175311,CD-GO,2026-09-21,350,GRP-00103
OL-0175323,CD-GO,2026-09-21,112,GRP-00099
OL-0175308,CD-PR,2026-09-18,112,GRP-00101
OL-0175320,CD-PE,2026-09-22,350,GRP-00098
OL-0175310,CD-SP,2026-09-18,125,GRP-00097
OL-0175325,CD-SP,2026-09-18,112,GRP-00097
OL-0175304,CD-SP,2026-09-18,75,GRP-00097
OL-0175305,CD-GO,2026-09-25,75,GRP-00102
OL-0175316,CD-PE,2026-09-22,75,GRP-00098
OL-0175319,CD-SP,2026-09-18,225,GRP-00097
OL-0175312,CD-SP,2026-09-18,560,GRP-00097
OL-0175329,CD-GO,2026-09-21,175,GRP-00099
OL-0175301,CD-PE,2026-09-22,112,GRP-00098
OL-0175326,CD-PE,2026-09-22,75,GRP-00098
OL-0175321,CD-PR,2026-09-18,75,GRP-00101
OL-0175328,CD-SP,2026-09-18,75,GRP-00097
OL-0175327,CD-GO,2026-09-21,350,GRP-00103
OL-0175315,CD-GO,2026-09-23,175,GRP-00104
OL-0175401,CD-GO,2026-09-28,175,GRP-00105
OL-0175419,CD-PE,2026-09-23,350,GRP-00106
OL-0175408,CD-PE,2026-09-23,75,GRP-00106
OL-0175402,CD-SP,2026-09-21,224,GRP-00107
OL-0175400,CD-PE,2026-09-23,150,GRP-00106
OL-0175409,CD-PR,2026-09-21,75,GRP-00108
OL-0175406,CD-PR,2026-09-21,112,GRP-00108
OL-0175423,CD-GO,2026-09-22,350,GRP-00109
OL-0175425,CD-PE,2026-09-23,125,GRP-00106
OL-0175420,CD-SP,2026-09-21,75,GRP-00107
OL-0175426,CD-GO,2026-09-22,150,GRP-00110
OL-0175415,CD-SP,2026-09-21,225,GRP-00107
OL-0175405,CD-PR,2026-09-21,75,GRP-00108
OL-0175424,CD-PE,2026-09-23,224,GRP-00106
OL-0175417,CD-GO,2026-09-28,75,GRP-00105
OL-0175418,CD-PR,2026-09-21,75,GRP-00108
OL-0175412,CD-GO,2026-09-22,350,GRP-00109
OL-0175422,CD-SP,2026-09-21,150,GRP-00107
OL-0175410,CD-SP,2026-09-21,250,GRP-00107
OL-0175404,CD-SP,2026-09-21,224,GRP-00107
OL-0175411,CD-PE,2026-09-23,175,GRP-00106
OL-0175403,CD-PR,2026-09-21,112,GRP-00108
OL-0175407,CD-GO,2026-09-22,112,GRP-00110
OL-0175421,CD-GO,2026-09-22,175,GRP-00110
OL-0175399,CD-GO,2026-09-24,175,GRP-00111
OL-0175413,CD-GO,2026-09-22,75,GRP-00110
OL-0175416,CD-GO,2026-09-24,175,GRP-00111
OL-0175414,CD-GO,2026-09-23,525,GRP-00112
OL-0175489,CD-SP,2026-09-22,112,GRP-00113
OL-0175495,CD-GO,2026-09-25,175,GRP-00114
OL-0175510,CD-PE,2026-09-24,175,GRP-00115
OL-0175491,CD-SP,2026-09-22,224,GRP-00113
OL-0175502,CD-PR,2026-09-22,75,GRP-00116
OL-0175492,CD-GO,2026-09-25,175,GRP-00114
OL-0175487,CD-GO,2026-09-29,112,GRP-00117
OL-0175509,CD-GO,2026-09-23,175,GRP-00112
OL-0175497,CD-GO,2026-09-23,175,GRP-00112
OL-0175503,CD-PE,2026-09-24,112,GRP-00115
OL-0175504,CD-PE,2026-09-24,75,GRP-00115
OL-0175505,CD-GO,2026-09-23,175,GRP-00112
OL-0175506,CD-SP,2026-09-22,75,GRP-00113
OL-0175507,CD-SP,2026-09-22,150,GRP-00113
OL-0175508,CD-SP,2026-09-22,125,GRP-00113
OL-0175488,CD-PR,2026-09-22,150,GRP-00116
OL-0175501,CD-PE,2026-09-24,75,GRP-00115
OL-0175500,CD-SP,2026-09-22,75,GRP-00113
OL-0175493,CD-SP,2026-09-22,112,GRP-00113
OL-0175494,CD-PR,2026-09-22,224,GRP-00116
OL-0175498,CD-SP,2026-09-22,75,GRP-00113
OL-0175490,CD-GO,2026-09-23,175,GRP-00118
OL-0175496,CD-GO,2026-09-24,112,GRP-00119
OL-0175499,CD-PE,2026-09-25,112,GRP-00120
OL-0175600,CD-GO,2026-09-24,175,GRP-00121
OL-0175594,CD-SP,2026-09-23,125,GRP-00122
OL-0175615,CD-PE,2026-09-25,350,GRP-00120
OL-0175597,CD-GO,2026-09-24,150,GRP-00119
OL-0175613,CD-SP,2026-09-23,75,GRP-00122
OL-0175593,CD-SP,2026-09-23,150,GRP-00122
OL-0175605,CD-PE,2026-09-25,75,GRP-00120
OL-0175616,CD-SP,2026-09-23,225,GRP-00122
OL-0175581,CD-GO,2026-09-30,75,GRP-00123
OL-0175592,CD-PR,2026-09-23,125,GRP-00124
OL-0175584,CD-GO,2026-09-24,175,GRP-00121
OL-0175611,CD-GO,2026-09-24,350,GRP-00121
OL-0175614,CD-GO,2026-09-28,350,GRP-00125
OL-0175590,CD-GO,2026-09-24,175,GRP-00121
OL-0175583,CD-SP,2026-09-23,112,GRP-00122
OL-0175604,CD-PE,2026-09-25,150,GRP-00120
OL-0175609,CD-PE,2026-09-25,175,GRP-00120
OL-0175610,CD-PE,2026-09-25,224,GRP-00120
OL-0175589,CD-SP,2026-09-23,250,GRP-00122
OL-0175585,CD-SP,2026-09-23,112,GRP-00122
OL-0175588,CD-SP,2026-09-23,75,GRP-00122
OL-0175608,CD-SP,2026-09-23,112,GRP-00126
OL-0175612,CD-PE,2026-09-25,175,GRP-00120
OL-0175598,CD-GO,2026-09-28,175,GRP-00125
OL-0175596,CD-GO,2026-09-24,125,GRP-00119
OL-0175582,CD-PR,2026-09-23,224,GRP-00124
OL-0175587,CD-SP,2026-09-23,224,GRP-00126
OL-0175602,CD-PR,2026-09-23,112,GRP-00124
OL-0175591,CD-GO,2026-09-24,75,GRP-00119
OL-0175601,CD-PR,2026-09-23,75,GRP-00124
OL-0175586,CD-GO,2026-09-24,112,GRP-00119
OL-0175606,CD-PR,2026-09-23,75,GRP-00124
OL-0175607,CD-GO,2026-09-24,175,GRP-00119
OL-0175595,CD-SP,2026-09-24,112,GRP-00127
OL-0175603,CD-PE,2026-09-28,75,GRP-00128
OL-0175599,CD-GO,2026-10-01,175,GRP-00129
OL-0175697,CD-GO,2026-09-25,175,GRP-00130
OL-0175707,CD-GO,2026-09-25,175,GRP-00130
OL-0175713,CD-PR,2026-09-24,75,GRP-00131
OL-0175690,CD-GO,2026-09-25,112,GRP-00132
OL-0175703,CD-PE,2026-09-28,125,GRP-00128
OL-0175709,CD-SP,2026-09-24,224,GRP-00127
OL-0175692,CD-SP,2026-09-24,150,GRP-00127
OL-0175693,CD-SP,2026-09-24,125,GRP-00127
OL-0175710,CD-GO,2026-10-01,112,GRP-00129
OL-0175701,CD-GO,2026-09-25,350,GRP-00130
OL-0175706,CD-PE,2026-09-28,224,GRP-00128
OL-0175702,CD-PR,2026-09-24,75,GRP-00131
OL-0175721,CD-SP,2026-09-24,75,GRP-00127
OL-0175719,CD-GO,2026-10-01,175,GRP-00129
OL-0175708,CD-GO,2026-09-25,75,GRP-00132
OL-0175696,CD-GO,2026-09-25,350,GRP-00132
OL-0175698,CD-PE,2026-09-28,75,GRP-00128
OL-0175722,CD-PE,2026-09-28,350,GRP-00128
OL-0175694,CD-GO,2026-10-01,75,GRP-00129
OL-0175695,CD-GO,2026-10-01,75,GRP-00129
OL-0175704,CD-GO,2026-09-25,525,GRP-00130
OL-0175712,CD-GO,2026-09-25,175,GRP-00130
OL-0175714,CD-GO,2026-09-29,175,GRP-00133
OL-0175715,CD-PR,2026-09-24,75,GRP-00131
OL-0175720,CD-SP,2026-09-24,150,GRP-00127
OL-0175718,CD-SP,2026-09-24,150,GRP-00127
OL-0175691,CD-PR,2026-09-24,336,GRP-00131
OL-0175705,CD-SP,2026-09-24,112,GRP-00127
OL-0175699,CD-SP,2026-09-24,336,GRP-00127
OL-0175723,CD-GO,2026-09-29,175,GRP-00133
OL-0175716,CD-PE,2026-09-28,225,GRP-00128
OL-0175711,CD-SP,2026-09-24,75,GRP-00134
OL-0175700,CD-PE,2026-09-28,112,GRP-00128
OL-0175717,CD-SP,2026-09-25,75,GRP-00135
OL-0175814,CD-SP,2026-09-25,75,GRP-00135
OL-0175823,CD-GO,2026-09-28,175,GRP-00136
OL-0175817,CD-PR,2026-09-25,75,GRP-00137
OL-0175824,CD-SP,2026-09-25,75,GRP-00135
OL-0175832,CD-SP,2026-09-25,75,GRP-00135
OL-0175816,CD-PE,2026-09-29,350,GRP-00138
OL-0175802,CD-GO,2026-09-28,350,GRP-00139
OL-0175821,CD-PR,2026-09-25,112,GRP-00137
OL-0175813,CD-SP,2026-09-25,75,GRP-00135
OL-0175826,CD-PE,2026-09-29,224,GRP-00138
OL-0175805,CD-GO,2026-10-02,125,GRP-00140
OL-0175822,CD-SP,2026-09-25,112,GRP-00135
OL-0175804,CD-PE,2026-09-29,150,GRP-00138
OL-0175806,CD-GO,2026-09-28,75,GRP-00136
OL-0175807,CD-GO,2026-09-28,112,GRP-00136
OL-0175828,CD-PE,2026-09-29,225,GRP-00138
OL-0175811,CD-GO,2026-10-02,112,GRP-00140
OL-0175825,CD-SP,2026-09-25,75,GRP-00135
OL-0175803,CD-PR,2026-09-25,75,GRP-00137
OL-0175819,CD-PR,2026-09-25,125,GRP-00137
OL-0175818,CD-GO,2026-09-28,525,GRP-00139
OL-0175809,CD-SP,2026-09-25,125,GRP-00135
OL-0175810,CD-GO,2026-09-30,175,GRP-00141
OL-0175829,CD-GO,2026-09-28,112,GRP-00136
OL-0175808,CD-SP,2026-09-25,448,GRP-00142
OL-0175815,CD-GO,2026-09-30,350,GRP-00141
OL-0175820,CD-SP,2026-09-25,75,GRP-00142
OL-0175831,CD-SP,2026-09-25,75,GRP-00142
OL-0175833,CD-PE,2026-09-29,125,GRP-00138
OL-0175830,CD-PR,2026-09-28,112,GRP-00143
OL-0175827,CD-PE,2026-09-30,175,GRP-00144
OL-0175812,CD-GO,2026-09-29,75,GRP-00145
OL-0175920,CD-GO,2026-10-01,175,GRP-00146
OL-0175912,CD-SP,2026-09-28,150,GRP-00147
OL-0175932,CD-PE,2026-09-30,75,GRP-00144
OL-0175923,CD-PR,2026-09-28,75,GRP-00143
OL-0175907,CD-GO,2026-09-29,175,GRP-00148
OL-0175913,CD-GO,2026-09-29,150,GRP-00145
OL-0175929,CD-PE,2026-09-30,224,GRP-00144
OL-0175930,CD-GO,2026-09-29,175,GRP-00145
OL-0175904,CD-GO,2026-10-05,175,GRP-00149
OL-0175922,CD-SP,2026-09-28,448,GRP-00147
OL-0175916,CD-SP,2026-09-28,125,GRP-00147
OL-0175924,CD-PE,2026-09-30,112,GRP-00144
OL-0175928,CD-GO,2026-09-29,175,GRP-00148
OL-0175915,CD-SP,2026-09-28,112,GRP-00147
OL-0175917,CD-SP,2026-09-28,75,GRP-00147
OL-0175919,CD-SP,2026-09-28,75,GRP-00147
OL-0175909,CD-GO,2026-09-29,175,GRP-00148
OL-0175933,CD-SP,2026-09-28,75,GRP-00147
OL-0175931,CD-SP,2026-09-28,75,GRP-00147
OL-0175914,CD-PR,2026-09-28,224,GRP-00143
OL-0175911,CD-GO,2026-10-05,75,GRP-00149
OL-0175908,CD-GO,2026-09-29,112,GRP-00145
OL-0175918,CD-PR,2026-09-28,150,GRP-00143
OL-0175934,CD-PE,2026-09-30,75,GRP-00144
OL-0175910,CD-PE,2026-09-30,75,GRP-00144
OL-0175927,CD-PE,2026-09-30,525,GRP-00144
OL-0175925,CD-PR,2026-09-28,75,GRP-00143
OL-0175906,CD-GO,2026-10-01,175,GRP-00146
OL-0175921,CD-GO,2026-09-29,350,GRP-00148
OL-0175905,CD-PR,2026-09-29,125,GRP-00150
OL-0175926,CD-GO,2026-10-01,175,GRP-00146
OL-0176014,CD-GO,2026-09-30,175,GRP-00151
OL-0176011,CD-PR,2026-09-29,112,GRP-00152
OL-0176004,CD-PR,2026-09-29,75,GRP-00152
OL-0176012,CD-GO,2026-09-30,112,GRP-00153
OL-0176019,CD-PR,2026-09-30,125,GRP-00154
OL-0175998,CD-SP,2026-09-29,112,GRP-00155
OL-0176000,CD-PR,2026-09-29,112,GRP-00152
OL-0176021,CD-PE,2026-10-01,112,GRP-00156
OL-0176002,CD-GO,2026-09-30,75,GRP-00153
OL-0176009,CD-PE,2026-10-01,175,GRP-00156
OL-0176016,CD-GO,2026-09-30,75,GRP-00153
OL-0176001,CD-GO,2026-09-30,175,GRP-00151
OL-0176015,CD-PE,2026-10-01,75,GRP-00156
OL-0176006,CD-GO,2026-10-02,175,GRP-00157
OL-0176008,CD-PE,2026-10-01,112,GRP-00156
OL-0176020,CD-GO,2026-09-30,175,GRP-00153
OL-0176007,CD-SP,2026-09-29,224,GRP-00155
OL-0176010,CD-GO,2026-10-02,175,GRP-00157
OL-0176003,CD-PR,2026-09-29,75,GRP-00152
OL-0175996,CD-SP,2026-09-29,75,GRP-00155
OL-0176005,CD-SP,2026-09-29,75,GRP-00155
OL-0175997,CD-SP,2026-09-29,75,GRP-00155
OL-0176013,CD-SP,2026-09-29,75,GRP-00155
OL-0175999,CD-GO,2026-10-06,112,GRP-00158
OL-0176018,CD-GO,2026-10-01,175,GRP-00159
OL-0176017,CD-PE,2026-10-02,75,GRP-00160
OL-0175161,CD-SP,2026-09-16,78,GRP-00161
OL-0175162,CD-SP,2026-09-16,12,GRP-00161
OL-0175134,CD-PR,2026-09-16,18,GRP-00085
OL-0175124,CD-GO,2026-09-23,42,GRP-00162
OL-0175131,CD-PE,2026-09-18,42,GRP-00087
OL-0175157,CD-SP,2026-09-16,24,GRP-00161
OL-0175152,CD-PE,2026-09-18,18,GRP-00087
OL-0175138,CD-GO,2026-09-23,36,GRP-00162
OL-0175155,CD-GO,2026-09-23,24,GRP-00162
OL-0175158,CD-PE,2026-09-18,36,GRP-00087
OL-0175128,CD-PE,2026-09-18,72,GRP-00087
OL-0175129,CD-PE,2026-09-18,138,GRP-00087
OL-0175156,CD-PE,2026-09-18,78,GRP-00163
OL-0175139,CD-SP,2026-09-16,54,GRP-00161
OL-0175144,CD-SP,2026-09-16,120,GRP-00161
OL-0175126,CD-SP,2026-09-16,6,GRP-00161
OL-0175136,CD-SP,2026-09-16,18,GRP-00161
OL-0175135,CD-GO,2026-09-17,90,GRP-00088
OL-0175149,CD-GO,2026-09-17,6,GRP-00088
OL-0175132,CD-SP,2026-09-16,48,GRP-00161
OL-0175140,CD-PR,2026-09-16,30,GRP-00085
OL-0175142,CD-PR,2026-09-16,18,GRP-00085
OL-0175164,CD-GO,2026-09-17,66,GRP-00088
OL-0175127,CD-SP,2026-09-16,54,GRP-00161
OL-0175143,CD-SP,2026-09-16,18,GRP-00164
OL-0175125,CD-SP,2026-09-16,48,GRP-00164
OL-0175153,CD-SP,2026-09-16,48,GRP-00164
OL-0175148,CD-PR,2026-09-16,72,GRP-00165
OL-0175154,CD-GO,2026-09-23,6,GRP-00162
OL-0175130,CD-PE,2026-09-18,48,GRP-00163
OL-0175133,CD-SP,2026-09-16,120,GRP-00164
OL-0175163,CD-PR,2026-09-16,30,GRP-00165
OL-0175145,CD-GO,2026-09-17,18,GRP-00088
OL-0175146,CD-GO,2026-09-17,36,GRP-00088
OL-0175147,CD-GO,2026-09-17,12,GRP-00088
OL-0175151,CD-GO,2026-09-17,252,GRP-00166
OL-0175137,CD-GO,2026-09-21,138,GRP-00167
OL-0175160,CD-PR,2026-09-16,6,GRP-00165
OL-0175150,CD-PR,2026-09-16,60,GRP-00165
OL-0175159,CD-SP,2026-09-17,48,GRP-00096
OL-0175141,CD-GO,2026-09-24,12,GRP-00094
OL-0175232,CD-SP,2026-09-17,12,GRP-00096
OL-0175237,CD-GO,2026-09-18,54,GRP-00095
OL-0175238,CD-GO,2026-09-18,18,GRP-00095
OL-0175264,CD-GO,2026-09-24,6,GRP-00094
OL-0175230,CD-PE,2026-09-21,90,GRP-00090
OL-0175231,CD-PE,2026-09-21,66,GRP-00090
OL-0175249,CD-PE,2026-09-21,42,GRP-00168
OL-0175235,CD-PR,2026-09-17,30,GRP-00093
OL-0175257,CD-PR,2026-09-18,66,GRP-00091
OL-0175254,CD-GO,2026-09-24,30,GRP-00094
OL-0175255,CD-GO,2026-09-24,6,GRP-00094
OL-0175228,CD-PE,2026-09-21,24,GRP-00168
OL-0175262,CD-PR,2026-09-17,30,GRP-00093
OL-0175263,CD-PE,2026-09-21,30,GRP-00168
OL-0175229,CD-GO,2026-09-18,6,GRP-00095
OL-0175250,CD-PR,2026-09-17,48,GRP-00093
OL-0175260,CD-PE,2026-09-21,72,GRP-00168
OL-0175269,CD-PE,2026-09-21,78,GRP-00168
OL-0175247,CD-GO,2026-09-22,48,GRP-00169
OL-0175248,CD-PR,2026-09-17,66,GRP-00093
OL-0175270,CD-PR,2026-09-17,12,GRP-00170
OL-0175243,CD-PE,2026-09-21,24,GRP-00168
OL-0175259,CD-SP,2026-09-17,216,GRP-00096
OL-0175240,CD-PR,2026-09-17,18,GRP-00170
OL-0175256,CD-GO,2026-09-18,60,GRP-00095
OL-0175261,CD-PE,2026-09-21,18,GRP-00168
OL-0175233,CD-SP,2026-09-17,54,GRP-00096
OL-0175234,CD-SP,2026-09-17,54,GRP-00096
OL-0175265,CD-SP,2026-09-17,42,GRP-00096
OL-0175253,CD-GO,2026-09-24,36,GRP-00094
OL-0175266,CD-GO,2026-09-18,84,GRP-00171
OL-0175239,CD-GO,2026-09-18,24,GRP-00095
OL-0175245,CD-GO,2026-09-18,36,GRP-00171
OL-0175246,CD-SP,2026-09-17,54,GRP-00096
OL-0175244,CD-GO,2026-09-22,126,GRP-00169
OL-0175242,CD-PR,2026-09-17,60,GRP-00170
OL-0175267,CD-SP,2026-09-17,30,GRP-00172
OL-0175236,CD-GO,2026-09-18,96,GRP-00171
OL-0175268,CD-PE,2026-09-21,36,GRP-00168
OL-0175252,CD-SP,2026-09-17,54,GRP-00172
OL-0175241,CD-GO,2026-09-24,18,GRP-00094
OL-0175251,CD-GO,2026-09-18,42,GRP-00095
OL-0175258,CD-GO,2026-09-18,6,GRP-00173
OL-0175227,CD-SP,2026-09-18,72,GRP-00097
OL-0175340,CD-PE,2026-09-22,24,GRP-00098
OL-0175350,CD-GO,2026-09-25,18,GRP-00102
OL-0175360,CD-GO,2026-09-21,90,GRP-00103
OL-0175351,CD-GO,2026-09-21,72,GRP-00099
OL-0175352,CD-GO,2026-09-21,36,GRP-00099
OL-0175341,CD-SP,2026-09-18,48,GRP-00174
OL-0175362,CD-GO,2026-09-21,96,GRP-00099
OL-0175346,CD-GO,2026-09-21,12,GRP-00099
OL-0175344,CD-PR,2026-09-18,42,GRP-00101
OL-0175358,CD-PR,2026-09-18,114,GRP-00101
OL-0175336,CD-GO,2026-09-25,12,GRP-00102
OL-0175337,CD-GO,2026-09-25,6,GRP-00102
OL-0175353,CD-SP,2026-09-18,96,GRP-00174
OL-0175335,CD-GO,2026-09-23,72,GRP-00104
OL-0175347,CD-PR,2026-09-18,42,GRP-00175
OL-0175363,CD-GO,2026-09-23,48,GRP-00104
OL-0175342,CD-PE,2026-09-22,156,GRP-00098
OL-0175343,CD-GO,2026-09-25,36,GRP-00102
OL-0175356,CD-PE,2026-09-22,84,GRP-00176
OL-0175357,CD-PE,2026-09-22,24,GRP-00176
OL-0175349,CD-SP,2026-09-18,24,GRP-00174
OL-0175348,CD-GO,2026-09-21,186,GRP-00103
OL-0175361,CD-PR,2026-09-18,18,GRP-00175
OL-0175333,CD-GO,2026-09-21,24,GRP-00099
OL-0175345,CD-PE,2026-09-22,36,GRP-00176
OL-0175332,CD-SP,2026-09-18,24,GRP-00174
OL-0175334,CD-PE,2026-09-22,36,GRP-00176
OL-0175338,CD-SP,2026-09-18,60,GRP-00174
OL-0175359,CD-SP,2026-09-18,66,GRP-00174
OL-0175331,CD-SP,2026-09-18,90,GRP-00174
OL-0175330,CD-GO,2026-09-25,42,GRP-00102
OL-0175339,CD-PR,2026-09-21,48,GRP-00100
OL-0175354,CD-GO,2026-09-22,162,GRP-00109
OL-0175355,CD-PR,2026-09-22,54,GRP-00177
OL-0175456,CD-GO,2026-09-28,30,GRP-00105
OL-0175457,CD-GO,2026-09-22,126,GRP-00109
OL-0175430,CD-PE,2026-09-23,48,GRP-00106
OL-0175440,CD-PR,2026-09-21,12,GRP-00108
OL-0175438,CD-PR,2026-09-21,30,GRP-00108
OL-0175439,CD-GO,2026-09-22,6,GRP-00110
OL-0175431,CD-GO,2026-09-28,6,GRP-00105
OL-0175432,CD-GO,2026-09-28,6,GRP-00105
OL-0175427,CD-PE,2026-09-23,18,GRP-00106
OL-0175435,CD-PR,2026-09-22,78,GRP-00177
OL-0175459,CD-PE,2026-09-23,18,GRP-00178
OL-0175460,CD-GO,2026-09-24,72,GRP-00111
OL-0175448,CD-GO,2026-09-22,138,GRP-00109
OL-0175449,CD-GO,2026-09-22,48,GRP-00110
OL-0175462,CD-PR,2026-09-21,48,GRP-00108
OL-0175463,CD-PR,2026-09-21,54,GRP-00108
OL-0175429,CD-GO,2026-09-22,30,GRP-00110
OL-0175436,CD-SP,2026-09-21,6,GRP-00107
OL-0175437,CD-PR,2026-09-22,66,GRP-00177
OL-0175447,CD-GO,2026-09-22,114,GRP-00109
OL-0175464,CD-SP,2026-09-21,48,GRP-00107
OL-0175465,CD-SP,2026-09-21,30,GRP-00107
OL-0175446,CD-PE,2026-09-23,36,GRP-00178
OL-0175461,CD-PR,2026-09-21,42,GRP-00179
OL-0175455,CD-PE,2026-09-23,66,GRP-00178
OL-0175454,CD-GO,2026-09-28,24,GRP-00105
OL-0175433,CD-SP,2026-09-21,60,GRP-00180
OL-0175444,CD-PE,2026-09-23,54,GRP-00178
OL-0175445,CD-PE,2026-09-23,36,GRP-00178
OL-0175458,CD-SP,2026-09-21,54,GRP-00180
OL-0175441,CD-GO,2026-09-24,42,GRP-00111
OL-0175442,CD-PR,2026-09-21,30,GRP-00179
OL-0175443,CD-SP,2026-09-21,72,GRP-00180
OL-0175434,CD-PE,2026-09-23,84,GRP-00178
OL-0175453,CD-PR,2026-09-22,42,GRP-00177
OL-0175428,CD-SP,2026-09-22,42,GRP-00113
OL-0175450,CD-GO,2026-09-23,54,GRP-00118
OL-0175451,CD-GO,2026-09-23,18,GRP-00118
OL-0175452,CD-GO,2026-09-23,6,GRP-00118
OL-0175521,CD-SP,2026-09-22,90,GRP-00113
OL-0175540,CD-GO,2026-09-23,72,GRP-00112
OL-0175514,CD-PR,2026-09-22,54,GRP-00116
OL-0175519,CD-SP,2026-09-22,48,GRP-00181
OL-0175518,CD-PE,2026-09-24,30,GRP-00115
OL-0175535,CD-SP,2026-09-22,36,GRP-00181
OL-0175538,CD-SP,2026-09-22,6,GRP-00181
OL-0175539,CD-PR,2026-09-23,60,GRP-00182
OL-0175511,CD-PE,2026-09-24,90,GRP-00115
OL-0175536,CD-GO,2026-09-25,60,GRP-00114
OL-0175515,CD-PE,2026-09-24,6,GRP-00115
OL-0175512,CD-PE,2026-09-24,30,GRP-00115
OL-0175533,CD-PR,2026-09-22,24,GRP-00116
OL-0175516,CD-GO,2026-09-29,6,GRP-00117
OL-0175520,CD-GO,2026-09-29,12,GRP-00117
OL-0175528,CD-GO,2026-09-23,12,GRP-00118
OL-0175529,CD-GO,2026-09-23,6,GRP-00118
OL-0175517,CD-PE,2026-09-24,36,GRP-00115
OL-0175524,CD-GO,2026-09-29,30,GRP-00117
OL-0175525,CD-GO,2026-09-29,12,GRP-00117
OL-0175526,CD-GO,2026-09-29,6,GRP-00117
OL-0175542,CD-PR,2026-09-23,36,GRP-00182
OL-0175543,CD-PR,2026-09-22,36,GRP-00116
OL-0175522,CD-GO,2026-09-25,48,GRP-00114
OL-0175523,CD-PR,2026-09-22,24,GRP-00116
OL-0175532,CD-SP,2026-09-22,84,GRP-00181
OL-0175534,CD-PE,2026-09-24,24,GRP-00183
OL-0175527,CD-GO,2026-09-23,42,GRP-00118
OL-0175530,CD-GO,2026-09-23,54,GRP-00118
OL-0175513,CD-GO,2026-09-24,96,GRP-00121
OL-0175537,CD-PR,2026-09-22,6,GRP-00184
OL-0175541,CD-GO,2026-09-24,12,GRP-00119
OL-0175531,CD-PR,2026-09-23,24,GRP-00185
OL-0175625,CD-PE,2026-09-25,90,GRP-00120
OL-0175642,CD-GO,2026-09-24,42,GRP-00119
OL-0175636,CD-GO,2026-09-24,66,GRP-00186
OL-0175637,CD-GO,2026-09-24,60,GRP-00186
OL-0175647,CD-PR,2026-09-24,48,GRP-00187
OL-0175633,CD-GO,2026-09-30,30,GRP-00123
OL-0175634,CD-GO,2026-09-30,18,GRP-00123
OL-0175635,CD-GO,2026-09-30,12,GRP-00123
OL-0175621,CD-GO,2026-09-24,186,GRP-00121
OL-0175627,CD-PR,2026-09-23,78,GRP-00124
OL-0175648,CD-PE,2026-09-25,12,GRP-00120
OL-0175632,CD-PR,2026-09-23,42,GRP-00124
OL-0175624,CD-PR,2026-09-24,108,GRP-00187
OL-0175620,CD-PE,2026-09-25,36,GRP-00120
OL-0175643,CD-GO,2026-09-30,36,GRP-00123
OL-0175619,CD-SP,2026-09-23,48,GRP-00126
OL-0175649,CD-GO,2026-09-28,90,GRP-00125
OL-0175650,CD-PR,2026-09-23,30,GRP-00124
OL-0175652,CD-SP,2026-09-23,36,GRP-00126
OL-0175646,CD-PR,2026-09-24,36,GRP-00187
OL-0175631,CD-PR,2026-09-24,84,GRP-00187
OL-0175653,CD-SP,2026-09-23,72,GRP-00126
OL-0175654,CD-SP,2026-09-23,24,GRP-00126
OL-0175645,CD-PE,2026-09-25,72,GRP-00188
OL-0175640,CD-GO,2026-09-24,18,GRP-00186
OL-0175626,CD-PR,2026-09-23,6,GRP-00189
OL-0175622,CD-PE,2026-09-25,42,GRP-00188
OL-0175629,CD-GO,2026-09-28,96,GRP-00125
OL-0175630,CD-PR,2026-09-23,42,GRP-00189
OL-0175618,CD-PE,2026-09-25,6,GRP-00188
OL-0175638,CD-SP,2026-09-23,30,GRP-00126
OL-0175639,CD-SP,2026-09-23,60,GRP-00126
OL-0175617,CD-PE,2026-09-25,168,GRP-00188
OL-0175644,CD-GO,2026-09-30,12,GRP-00123
OL-0175628,CD-PR,2026-09-23,78,GRP-00189
OL-0175623,CD-GO,2026-09-25,138,GRP-00130
OL-0175641,CD-SP,2026-09-24,90,GRP-00134
OL-0175651,CD-GO,2026-09-25,12,GRP-00132
OL-0175755,CD-PR,2026-09-24,30,GRP-00131
OL-0175732,CD-PE,2026-09-28,48,GRP-00128
OL-0175731,CD-GO,2026-09-25,36,GRP-00130
OL-0175743,CD-PR,2026-09-25,60,GRP-00190
OL-0175762,CD-PR,2026-09-24,84,GRP-00131
OL-0175730,CD-SP,2026-09-24,12,GRP-00134
OL-0175724,CD-GO,2026-10-01,24,GRP-00129
OL-0175740,CD-PE,2026-09-28,48,GRP-00128
OL-0175757,CD-SP,2026-09-24,66,GRP-00134
OL-0175748,CD-SP,2026-09-24,6,GRP-00134
OL-0175753,CD-PR,2026-09-24,48,GRP-00131
OL-0175726,CD-PE,2026-09-28,54,GRP-00191
OL-0175734,CD-PR,2026-09-25,30,GRP-00190
OL-0175761,CD-SP,2026-09-24,114,GRP-00134
OL-0175727,CD-GO,2026-09-25,30,GRP-00132
OL-0175728,CD-GO,2026-09-25,24,GRP-00132
OL-0175735,CD-PR,2026-09-24,48,GRP-00131
OL-0175752,CD-SP,2026-09-24,72,GRP-00134
OL-0175741,CD-GO,2026-09-25,18,GRP-00132
OL-0175742,CD-GO,2026-09-25,12,GRP-00132
OL-0175725,CD-GO,2026-09-25,84,GRP-00130
OL-0175738,CD-GO,2026-09-29,114,GRP-00133
OL-0175739,CD-PR,2026-09-24,12,GRP-00192
OL-0175760,CD-PE,2026-09-28,48,GRP-00191
OL-0175737,CD-PE,2026-09-28,90,GRP-00191
OL-0175756,CD-PR,2026-09-25,12,GRP-00190
OL-0175751,CD-SP,2026-09-24,30,GRP-00134
OL-0175764,CD-PR,2026-09-24,18,GRP-00192
OL-0175729,CD-PE,2026-09-28,54,GRP-00191
OL-0175758,CD-SP,2026-09-24,84,GRP-00193
OL-0175759,CD-PR,2026-09-25,72,GRP-00190
OL-0175746,CD-GO,2026-09-25,48,GRP-00132
OL-0175747,CD-GO,2026-09-25,60,GRP-00132
OL-0175749,CD-GO,2026-09-25,138,GRP-00194
OL-0175750,CD-SP,2026-09-24,84,GRP-00193
OL-0175763,CD-GO,2026-09-25,174,GRP-00194
OL-0175744,CD-GO,2026-10-01,42,GRP-00129
OL-0175745,CD-GO,2026-10-01,18,GRP-00129
OL-0175733,CD-PE,2026-09-28,54,GRP-00191
OL-0175754,CD-GO,2026-10-02,18,GRP-00140
OL-0175736,CD-PE,2026-09-29,96,GRP-00138
OL-0175853,CD-GO,2026-09-30,168,GRP-00141
OL-0175854,CD-PR,2026-09-25,42,GRP-00137
OL-0175869,CD-GO,2026-09-28,6,GRP-00136
OL-0175860,CD-GO,2026-09-28,66,GRP-00136
OL-0175861,CD-GO,2026-09-28,30,GRP-00136
OL-0175841,CD-SP,2026-09-25,6,GRP-00142
OL-0175870,CD-PR,2026-09-25,114,GRP-00137
OL-0175835,CD-PE,2026-09-29,96,GRP-00138
OL-0175852,CD-GO,2026-09-28,12,GRP-00136
OL-0175834,CD-GO,2026-10-02,12,GRP-00140
OL-0175842,CD-SP,2026-09-25,66,GRP-00142
OL-0175837,CD-SP,2026-09-25,42,GRP-00142
OL-0175844,CD-GO,2026-09-28,72,GRP-00136
OL-0175845,CD-GO,2026-09-28,30,GRP-00136
OL-0175866,CD-SP,2026-09-25,30,GRP-00142
OL-0175871,CD-SP,2026-09-25,6,GRP-00142
OL-0175846,CD-PE,2026-09-29,30,GRP-00138
OL-0175859,CD-PR,2026-09-28,12,GRP-00195
OL-0175867,CD-PR,2026-09-28,48,GRP-00195
OL-0175848,CD-GO,2026-09-28,192,GRP-00139
OL-0175836,CD-PE,2026-09-29,114,GRP-00196
OL-0175862,CD-PE,2026-09-29,36,GRP-00196
OL-0175868,CD-SP,2026-09-25,84,GRP-00197
OL-0175850,CD-PE,2026-09-29,30,GRP-00196
OL-0175855,CD-GO,2026-10-02,48,GRP-00140
OL-0175856,CD-GO,2026-10-02,30,GRP-00140
OL-0175857,CD-GO,2026-10-02,12,GRP-00140
OL-0175858,CD-GO,2026-10-02,12,GRP-00140
OL-0175838,CD-PE,2026-09-29,60,GRP-00196
OL-0175839,CD-PE,2026-09-29,12,GRP-00196
OL-0175840,CD-PE,2026-09-29,30,GRP-00196
OL-0175843,CD-SP,2026-09-25,96,GRP-00197
OL-0175865,CD-SP,2026-09-25,36,GRP-00197
OL-0175851,CD-PR,2026-09-25,24,GRP-00137
OL-0175847,CD-PR,2026-09-28,36,GRP-00195
OL-0175863,CD-GO,2026-09-29,126,GRP-00148
OL-0175864,CD-PR,2026-09-29,60,GRP-00150
OL-0175849,CD-PR,2026-09-28,30,GRP-00143
OL-0175936,CD-PE,2026-09-30,36,GRP-00144
OL-0175962,CD-PR,2026-09-29,30,GRP-00150
OL-0175941,CD-PE,2026-09-30,18,GRP-00198
OL-0175966,CD-PR,2026-09-29,12,GRP-00150
OL-0175967,CD-PR,2026-09-29,72,GRP-00150
OL-0175940,CD-PE,2026-09-30,120,GRP-00198
OL-0175952,CD-PE,2026-09-30,30,GRP-00198
OL-0175946,CD-GO,2026-10-05,30,GRP-00149
OL-0175968,CD-SP,2026-09-28,102,GRP-00199
OL-0175937,CD-SP,2026-09-28,72,GRP-00199
OL-0175951,CD-PR,2026-09-28,12,GRP-00143
OL-0175955,CD-GO,2026-10-05,30,GRP-00149
OL-0175956,CD-GO,2026-10-05,12,GRP-00149
OL-0175965,CD-PE,2026-09-30,24,GRP-00198
OL-0175938,CD-SP,2026-09-28,42,GRP-00199
OL-0175970,CD-GO,2026-09-29,96,GRP-00148
OL-0175973,CD-PR,2026-09-28,18,GRP-00143
OL-0175954,CD-SP,2026-09-28,42,GRP-00199
OL-0175971,CD-GO,2026-09-29,18,GRP-00145
OL-0175944,CD-SP,2026-09-28,18,GRP-00199
OL-0175957,CD-GO,2026-09-29,54,GRP-00145
OL-0175958,CD-GO,2026-09-29,6,GRP-00145
OL-0175963,CD-GO,2026-10-05,6,GRP-00149
OL-0175959,CD-GO,2026-09-29,60,GRP-00145
OL-0175960,CD-GO,2026-09-29,6,GRP-00145
OL-0175935,CD-GO,2026-09-29,12,GRP-00145
OL-0175969,CD-SP,2026-09-28,30,GRP-00199
OL-0175942,CD-GO,2026-09-29,150,GRP-00148
OL-0175943,CD-PR,2026-09-29,30,GRP-00150
OL-0175953,CD-GO,2026-10-01,66,GRP-00146
OL-0175964,CD-SP,2026-09-28,36,GRP-00199
OL-0175947,CD-PR,2026-09-28,12,GRP-00200
OL-0175948,CD-PR,2026-09-28,42,GRP-00200
OL-0175949,CD-PE,2026-09-30,48,GRP-00198
OL-0175961,CD-PE,2026-09-30,54,GRP-00198
OL-0175974,CD-GO,2026-10-01,66,GRP-00146
OL-0175950,CD-PR,2026-09-29,108,GRP-00152
OL-0175945,CD-GO,2026-09-30,54,GRP-00153
OL-0175939,CD-PE,2026-10-01,66,GRP-00156
OL-0175972,CD-PR,2026-09-29,60,GRP-00152
OL-0176036,CD-GO,2026-10-06,6,GRP-00158
OL-0176037,CD-GO,2026-10-06,12,GRP-00158
OL-0176031,CD-PE,2026-10-01,78,GRP-00156
OL-0176051,CD-GO,2026-09-30,6,GRP-00153
OL-0176028,CD-PE,2026-10-01,24,GRP-00156
OL-0176047,CD-PE,2026-10-01,18,GRP-00156
OL-0176050,CD-SP,2026-09-29,36,GRP-00155
OL-0176038,CD-GO,2026-09-30,6,GRP-00153
OL-0176039,CD-GO,2026-09-30,42,GRP-00153
OL-0176046,CD-GO,2026-10-06,6,GRP-00158
OL-0176054,CD-PR,2026-09-29,36,GRP-00152
OL-0176048,CD-PR,2026-09-30,48,GRP-00154
OL-0176042,CD-GO,2026-09-30,30,GRP-00151
OL-0176043,CD-PR,2026-09-30,84,GRP-00154
OL-0176030,CD-GO,2026-09-30,156,GRP-00151
OL-0176052,CD-PR,2026-09-29,78,GRP-00152
OL-0176040,CD-GO,2026-09-30,12,GRP-00153
OL-0176041,CD-SP,2026-09-29,72,GRP-00155
OL-0176045,CD-GO,2026-10-02,90,GRP-00157
OL-0176044,CD-PE,2026-10-01,24,GRP-00201
OL-0176025,CD-PE,2026-10-01,36,GRP-00201
OL-0176022,CD-GO,2026-10-06,24,GRP-00158
OL-0176027,CD-GO,2026-10-06,24,GRP-00158
OL-0176032,CD-GO,2026-09-30,48,GRP-00202
OL-0176024,CD-PE,2026-10-01,72,GRP-00201
OL-0176049,CD-SP,2026-09-29,6,GRP-00203
OL-0176035,CD-GO,2026-10-02,30,GRP-00157
OL-0176033,CD-PR,2026-09-29,6,GRP-00152
OL-0176029,CD-SP,2026-09-29,36,GRP-00203
OL-0176026,CD-SP,2026-09-29,66,GRP-00203
OL-0176023,CD-GO,2026-10-01,24,GRP-00204
OL-0176034,CD-PR,2026-09-29,30,GRP-00205
OL-0176053,CD-PR,2026-09-29,12,GRP-00205
