order_line_id,dc_id,promised_date,qty_committed,shipment_group
OL-0125085,CD-SP,2026-09-04,700,GRP-00000
OL-0125083,CD-PE,2026-09-09,700,GRP-00001
OL-0125084,CD-PE,2026-09-09,450,GRP-00001
OL-0125090,CD-SP,2026-09-04,1400,GRP-00000
OL-0125082,CD-PR,2026-09-03,450,GRP-00002
OL-0125080,CD-SP,2026-09-04,700,GRP-00000
OL-0125081,CD-SP,2026-09-04,900,GRP-00000
OL-0125088,CD-SP,2026-09-04,700,GRP-00003
OL-0125089,CD-SP,2026-09-04,300,GRP-00003
OL-0125087,CD-SP,2026-09-04,300,GRP-00003
OL-0125079,CD-PR,2026-09-03,700,GRP-00002
OL-0125086,CD-SP,2026-09-04,700,GRP-00003
OL-0125178,CD-SP,2026-09-08,1400,GRP-00004
OL-0125179,CD-SP,2026-09-08,450,GRP-00004
OL-0125172,CD-SP,2026-09-08,900,GRP-00004
OL-0125168,CD-PE,2026-09-10,700,GRP-00005
OL-0125169,CD-PE,2026-09-10,450,GRP-00005
OL-0125170,CD-PE,2026-09-10,300,GRP-00005
OL-0125171,CD-PE,2026-09-10,600,GRP-00005
OL-0125180,CD-GO,2026-09-08,700,GRP-00006
OL-0125181,CD-GO,2026-09-08,450,GRP-00006
OL-0125182,CD-GO,2026-09-08,300,GRP-00006
OL-0125166,CD-PR,2026-09-04,450,GRP-00007
OL-0125167,CD-PR,2026-09-04,300,GRP-00007
OL-0125164,CD-SP,2026-09-08,3500,GRP-00004
OL-0125165,CD-SP,2026-09-08,450,GRP-00004
OL-0125177,CD-PR,2026-09-04,1400,GRP-00007
OL-0125173,CD-SP,2026-09-08,2100,GRP-00008
OL-0125174,CD-PR,2026-09-09,300,GRP-00009
OL-0125183,CD-SP,2026-09-08,900,GRP-00008
OL-0125162,CD-PR,2026-09-04,450,GRP-00007
OL-0125163,CD-PR,2026-09-04,300,GRP-00007
OL-0125175,CD-SP,2026-09-09,700,GRP-00010
OL-0125176,CD-SP,2026-09-09,500,GRP-00010
OL-0125294,CD-PR,2026-09-08,1400,GRP-00011
OL-0125305,CD-GO,2026-09-09,700,GRP-00012
OL-0125306,CD-GO,2026-09-09,450,GRP-00012
OL-0125292,CD-SP,2026-09-09,450,GRP-00010
OL-0125293,CD-SP,2026-09-10,300,GRP-00013
OL-0125301,CD-PR,2026-09-08,300,GRP-00011
OL-0125295,CD-PE,2026-09-11,1400,GRP-00014
OL-0125296,CD-PE,2026-09-11,900,GRP-00014
OL-0125297,CD-PE,2026-09-11,300,GRP-00014
OL-0125298,CD-PE,2026-09-11,300,GRP-00014
OL-0125291,CD-PR,2026-09-08,450,GRP-00011
OL-0125302,CD-SP,2026-09-09,2800,GRP-00010
OL-0125303,CD-SP,2026-09-09,450,GRP-00010
OL-0125304,CD-SP,2026-09-09,300,GRP-00010
OL-0125299,CD-SP,2026-09-09,700,GRP-00015
OL-0125300,CD-SP,2026-09-09,300,GRP-00015
OL-0125403,CD-PE,2026-09-14,1400,GRP-00016
OL-0125404,CD-PE,2026-09-14,450,GRP-00016
OL-0125405,CD-PE,2026-09-14,600,GRP-00016
OL-0125416,CD-SP,2026-09-10,1400,GRP-00017
OL-0125411,CD-PR,2026-09-09,700,GRP-00018
OL-0125400,CD-PR,2026-09-09,450,GRP-00018
OL-0125401,CD-PR,2026-09-09,300,GRP-00018
OL-0125402,CD-PR,2026-09-10,300,GRP-00019
OL-0125409,CD-SP,2026-09-10,900,GRP-00017
OL-0125410,CD-SP,2026-09-10,500,GRP-00017
OL-0125408,CD-SP,2026-09-10,2800,GRP-00017
OL-0125406,CD-SP,2026-09-10,1350,GRP-00020
OL-0125407,CD-SP,2026-09-10,300,GRP-00020
OL-0125412,CD-GO,2026-09-10,700,GRP-00021
OL-0125413,CD-GO,2026-09-11,450,GRP-00022
OL-0125414,CD-GO,2026-09-11,300,GRP-00022
OL-0125415,CD-GO,2026-09-11,300,GRP-00022
OL-0125510,CD-PR,2026-09-10,700,GRP-00023
OL-0125511,CD-PR,2026-09-10,450,GRP-00023
OL-0125516,CD-SP,2026-09-11,1400,GRP-00024
OL-0125508,CD-SP,2026-09-11,2100,GRP-00024
OL-0125509,CD-SP,2026-09-11,300,GRP-00024
OL-0125512,CD-PE,2026-09-15,700,GRP-00025
OL-0125513,CD-PE,2026-09-15,450,GRP-00025
OL-0125514,CD-PE,2026-09-15,300,GRP-00025
OL-0125515,CD-PE,2026-09-15,300,GRP-00025
OL-0125507,CD-PR,2026-09-10,300,GRP-00023
OL-0125519,CD-GO,2026-09-11,300,GRP-00022
OL-0125517,CD-SP,2026-09-11,1350,GRP-00026
OL-0125518,CD-SP,2026-09-11,300,GRP-00026
OL-0125600,CD-PE,2026-09-16,1400,GRP-00027
OL-0125601,CD-PE,2026-09-16,900,GRP-00027
OL-0125602,CD-PE,2026-09-16,300,GRP-00027
OL-0125603,CD-PE,2026-09-16,500,GRP-00027
OL-0125597,CD-PR,2026-09-11,700,GRP-00028
OL-0125598,CD-PR,2026-09-11,900,GRP-00028
OL-0125599,CD-PR,2026-09-11,300,GRP-00028
OL-0125593,CD-PR,2026-09-11,300,GRP-00028
OL-0125607,CD-SP,2026-09-14,450,GRP-00029
OL-0125608,CD-SP,2026-09-14,300,GRP-00029
OL-0125606,CD-SP,2026-09-14,1400,GRP-00029
OL-0125609,CD-GO,2026-09-14,700,GRP-00030
OL-0125610,CD-GO,2026-09-14,450,GRP-00030
OL-0125605,CD-SP,2026-09-14,300,GRP-00029
OL-0125611,CD-SP,2026-09-14,2100,GRP-00031
OL-0125594,CD-SP,2026-09-14,700,GRP-00031
OL-0125595,CD-SP,2026-09-14,900,GRP-00031
OL-0125596,CD-SP,2026-09-14,300,GRP-00031
OL-0125604,CD-SP,2026-09-15,300,GRP-00032
OL-0125721,CD-SP,2026-09-15,700,GRP-00032
OL-0125722,CD-SP,2026-09-15,300,GRP-00032
OL-0125718,CD-SP,2026-09-15,2100,GRP-00032
OL-0125717,CD-SP,2026-09-15,2100,GRP-00033
OL-0125724,CD-GO,2026-09-15,700,GRP-00034
OL-0125725,CD-GO,2026-09-15,300,GRP-00034
OL-0125726,CD-GO,2026-09-15,300,GRP-00034
OL-0125711,CD-PE,2026-09-17,1400,GRP-00035
OL-0125712,CD-PE,2026-09-17,450,GRP-00035
OL-0125713,CD-PE,2026-09-17,300,GRP-00035
OL-0125714,CD-PE,2026-09-17,300,GRP-00035
OL-0125723,CD-GO,2026-09-15,450,GRP-00034
OL-0125719,CD-PR,2026-09-14,700,GRP-00036
OL-0125720,CD-PR,2026-09-14,450,GRP-00036
OL-0125715,CD-SP,2026-09-15,1350,GRP-00033
OL-0125716,CD-SP,2026-09-15,300,GRP-00033
OL-0125707,CD-PR,2026-09-14,300,GRP-00036
OL-0125708,CD-PR,2026-09-14,500,GRP-00036
OL-0125727,CD-SP,2026-09-15,450,GRP-00033
OL-0125709,CD-PR,2026-09-14,700,GRP-00036
OL-0125710,CD-PR,2026-09-14,300,GRP-00036
OL-0125834,CD-SP,2026-09-16,700,GRP-00037
OL-0125825,CD-SP,2026-09-16,700,GRP-00037
OL-0125821,CD-PR,2026-09-15,700,GRP-00038
OL-0125819,CD-SP,2026-09-16,700,GRP-00037
OL-0125820,CD-SP,2026-09-16,300,GRP-00037
OL-0125826,CD-SP,2026-09-16,300,GRP-00039
OL-0125832,CD-GO,2026-09-16,700,GRP-00040
OL-0125833,CD-GO,2026-09-16,300,GRP-00040
OL-0125828,CD-SP,2026-09-16,1400,GRP-00039
OL-0125829,CD-SP,2026-09-16,900,GRP-00039
OL-0125830,CD-SP,2026-09-16,300,GRP-00039
OL-0125831,CD-SP,2026-09-16,500,GRP-00039
OL-0125827,CD-PR,2026-09-15,300,GRP-00038
OL-0125818,CD-PR,2026-09-15,450,GRP-00038
OL-0125822,CD-PE,2026-09-18,700,GRP-00041
OL-0125823,CD-PE,2026-09-18,900,GRP-00041
OL-0125824,CD-PE,2026-09-18,300,GRP-00041
OL-0125931,CD-GO,2026-09-17,450,GRP-00042
OL-0125928,CD-PR,2026-09-16,700,GRP-00043
OL-0125919,CD-PR,2026-09-16,450,GRP-00043
OL-0125929,CD-SP,2026-09-17,900,GRP-00044
OL-0125930,CD-SP,2026-09-17,300,GRP-00044
OL-0125927,CD-SP,2026-09-17,300,GRP-00044
OL-0125923,CD-PE,2026-09-21,700,GRP-00045
OL-0125924,CD-PE,2026-09-21,450,GRP-00045
OL-0125925,CD-PE,2026-09-21,300,GRP-00045
OL-0125926,CD-PE,2026-09-21,300,GRP-00045
OL-0125921,CD-PR,2026-09-16,450,GRP-00043
OL-0125922,CD-PR,2026-09-16,300,GRP-00043
OL-0125920,CD-SP,2026-09-17,2800,GRP-00046
OL-0125096,CD-SP,2026-09-04,700,GRP-00047
OL-0125093,CD-SP,2026-09-04,1400,GRP-00047
OL-0125091,CD-PR,2026-09-03,700,GRP-00002
OL-0125097,CD-PR,2026-09-03,450,GRP-00048
OL-0125092,CD-SP,2026-09-04,700,GRP-00047
OL-0125095,CD-PE,2026-09-09,700,GRP-00001
OL-0125094,CD-SP,2026-09-04,300,GRP-00049
OL-0125098,CD-SP,2026-09-08,450,GRP-00008
OL-0125191,CD-SP,2026-09-10,2100,GRP-00050
OL-0125190,CD-GO,2026-09-08,700,GRP-00006
OL-0125184,CD-PE,2026-09-10,450,GRP-00005
OL-0125197,CD-SP,2026-09-10,1400,GRP-00051
OL-0125198,CD-SP,2026-09-08,1350,GRP-00052
OL-0125196,CD-PE,2026-09-10,300,GRP-00005
OL-0125199,CD-GO,2026-09-08,450,GRP-00006
OL-0125185,CD-PE,2026-09-10,700,GRP-00053
OL-0125186,CD-PE,2026-09-10,300,GRP-00053
OL-0125192,CD-SP,2026-09-08,700,GRP-00052
OL-0125193,CD-SP,2026-09-08,300,GRP-00052
OL-0125195,CD-SP,2026-09-10,1400,GRP-00054
OL-0125187,CD-PR,2026-09-04,450,GRP-00055
OL-0125188,CD-PR,2026-09-04,300,GRP-00055
OL-0125189,CD-SP,2026-09-08,300,GRP-00052
OL-0125194,CD-SP,2026-09-10,300,GRP-00056
OL-0125200,CD-PR,2026-09-08,700,GRP-00057
OL-0125310,CD-GO,2026-09-09,300,GRP-00012
OL-0125308,CD-PR,2026-09-08,450,GRP-00057
OL-0125309,CD-PR,2026-09-10,600,GRP-00058
OL-0125319,CD-PE,2026-09-11,450,GRP-00014
OL-0125320,CD-PE,2026-09-11,300,GRP-00014
OL-0125307,CD-PE,2026-09-11,700,GRP-00014
OL-0125315,CD-SP,2026-09-09,300,GRP-00015
OL-0125316,CD-SP,2026-09-09,500,GRP-00015
OL-0125313,CD-SP,2026-09-10,700,GRP-00059
OL-0125314,CD-SP,2026-09-09,900,GRP-00015
OL-0125321,CD-PR,2026-09-08,700,GRP-00057
OL-0125322,CD-SP,2026-09-10,700,GRP-00060
OL-0125318,CD-SP,2026-09-10,700,GRP-00061
OL-0125312,CD-SP,2026-09-10,700,GRP-00062
OL-0125311,CD-SP,2026-09-09,300,GRP-00063
OL-0125317,CD-SP,2026-09-10,300,GRP-00020
OL-0125421,CD-SP,2026-09-10,300,GRP-00020
OL-0125428,CD-SP,2026-09-10,2100,GRP-00064
OL-0125418,CD-PR,2026-09-09,700,GRP-00065
OL-0125429,CD-SP,2026-09-10,700,GRP-00064
OL-0125422,CD-GO,2026-09-16,450,GRP-00066
OL-0125425,CD-GO,2026-09-10,700,GRP-00021
OL-0125426,CD-GO,2026-09-10,450,GRP-00021
OL-0125424,CD-SP,2026-09-10,600,GRP-00064
OL-0125417,CD-PE,2026-09-14,700,GRP-00016
OL-0125419,CD-PE,2026-09-14,300,GRP-00016
OL-0125420,CD-SP,2026-09-10,900,GRP-00067
OL-0125427,CD-GO,2026-09-16,700,GRP-00066
OL-0125423,CD-PE,2026-09-14,450,GRP-00068
OL-0125531,CD-PR,2026-09-10,300,GRP-00023
OL-0125527,CD-SP,2026-09-11,700,GRP-00024
OL-0125524,CD-SP,2026-09-11,300,GRP-00069
OL-0125523,CD-PE,2026-09-15,300,GRP-00025
OL-0125526,CD-GO,2026-09-17,300,GRP-00070
OL-0125520,CD-PE,2026-09-15,450,GRP-00025
OL-0125530,CD-PE,2026-09-15,700,GRP-00071
OL-0125528,CD-SP,2026-09-11,450,GRP-00069
OL-0125532,CD-SP,2026-09-11,2100,GRP-00069
OL-0125525,CD-PR,2026-09-10,700,GRP-00072
OL-0125522,CD-PE,2026-09-15,300,GRP-00071
OL-0125529,CD-GO,2026-09-11,300,GRP-00022
OL-0125521,CD-PR,2026-09-10,450,GRP-00072
OL-0125625,CD-SP,2026-09-14,300,GRP-00031
OL-0125626,CD-PR,2026-09-11,700,GRP-00028
OL-0125627,CD-SP,2026-09-14,900,GRP-00073
OL-0125614,CD-GO,2026-09-14,700,GRP-00030
OL-0125615,CD-GO,2026-09-14,450,GRP-00030
OL-0125620,CD-PE,2026-09-16,1400,GRP-00027
OL-0125621,CD-PE,2026-09-16,300,GRP-00027
OL-0125619,CD-PR,2026-09-11,300,GRP-00074
OL-0125617,CD-SP,2026-09-14,300,GRP-00073
OL-0125618,CD-SP,2026-09-14,500,GRP-00073
OL-0125624,CD-PE,2026-09-16,450,GRP-00027
OL-0125623,CD-GO,2026-09-14,300,GRP-00030
OL-0125613,CD-SP,2026-09-14,2100,GRP-00073
OL-0125612,CD-PR,2026-09-11,450,GRP-00074
OL-0125616,CD-SP,2026-09-14,700,GRP-00075
OL-0125622,CD-SP,2026-09-14,450,GRP-00075
OL-0125738,CD-SP,2026-09-15,450,GRP-00076
OL-0125739,CD-SP,2026-09-15,300,GRP-00076
OL-0125736,CD-SP,2026-09-15,700,GRP-00076
OL-0125737,CD-SP,2026-09-15,300,GRP-00076
OL-0125743,CD-PE,2026-09-17,700,GRP-00035
OL-0125744,CD-PE,2026-09-17,450,GRP-00035
OL-0125734,CD-GO,2026-09-15,700,GRP-00034
OL-0125735,CD-GO,2026-09-15,300,GRP-00034
OL-0125729,CD-PR,2026-09-14,700,GRP-00077
OL-0125730,CD-PR,2026-09-14,450,GRP-00077
OL-0125731,CD-PR,2026-09-14,300,GRP-00077
OL-0125728,CD-PE,2026-09-17,500,GRP-00035
OL-0125740,CD-SP,2026-09-15,700,GRP-00076
OL-0125733,CD-PE,2026-09-17,300,GRP-00078
OL-0125745,CD-SP,2026-09-15,300,GRP-00079
OL-0125732,CD-SP,2026-09-15,1400,GRP-00079
OL-0125741,CD-SP,2026-09-16,1400,GRP-00039
OL-0125742,CD-SP,2026-09-16,450,GRP-00039
OL-0125841,CD-PR,2026-09-15,450,GRP-00080
OL-0125845,CD-PE,2026-09-18,700,GRP-00041
OL-0125842,CD-SP,2026-09-16,700,GRP-00081
OL-0125849,CD-PR,2026-09-15,700,GRP-00080
OL-0125840,CD-PE,2026-09-18,300,GRP-00041
OL-0125837,CD-PR,2026-09-15,300,GRP-00080
OL-0125838,CD-PR,2026-09-15,300,GRP-00080
OL-0125839,CD-PR,2026-09-15,500,GRP-00080
OL-0125846,CD-SP,2026-09-16,900,GRP-00081
OL-0125843,CD-SP,2026-09-16,1400,GRP-00081
OL-0125847,CD-GO,2026-09-16,450,GRP-00040
OL-0125835,CD-GO,2026-09-22,700,GRP-00082
OL-0125850,CD-SP,2026-09-16,300,GRP-00083
OL-0125851,CD-SP,2026-09-16,300,GRP-00083
OL-0125836,CD-PE,2026-09-18,300,GRP-00084
OL-0125848,CD-PE,2026-09-18,450,GRP-00084
OL-0125844,CD-GO,2026-09-23,450,GRP-00085
OL-0125933,CD-PR,2026-09-16,450,GRP-00086
OL-0125932,CD-PE,2026-09-21,700,GRP-00045
OL-0125941,CD-SP,2026-09-17,700,GRP-00044
OL-0125940,CD-SP,2026-09-17,900,GRP-00087
OL-0125939,CD-PR,2026-09-16,300,GRP-00086
OL-0125942,CD-SP,2026-09-17,1400,GRP-00087
OL-0125935,CD-SP,2026-09-17,300,GRP-00087
OL-0125938,CD-PE,2026-09-21,450,GRP-00045
OL-0125936,CD-GO,2026-09-17,700,GRP-00042
OL-0125937,CD-GO,2026-09-17,300,GRP-00042
OL-0125934,CD-PE,2026-09-21,300,GRP-00088
OL-0125117,CD-GO,2026-09-03,112,GRP-00089
OL-0125116,CD-PE,2026-09-04,175,GRP-00090
OL-0125112,CD-PR,2026-09-02,112,GRP-00091
OL-0125113,CD-GO,2026-09-03,175,GRP-00089
OL-0125101,CD-SP,2026-09-02,175,GRP-00092
OL-0125118,CD-SP,2026-09-02,112,GRP-00092
OL-0125107,CD-SP,2026-09-02,150,GRP-00092
OL-0125108,CD-PR,2026-09-03,175,GRP-00093
OL-0125106,CD-PR,2026-09-03,175,GRP-00093
OL-0125114,CD-PE,2026-09-04,175,GRP-00090
OL-0125121,CD-PR,2026-09-03,175,GRP-00093
OL-0125102,CD-SP,2026-09-02,448,GRP-00092
OL-0125109,CD-PE,2026-09-04,75,GRP-00090
OL-0125115,CD-PR,2026-09-02,525,GRP-00091
OL-0125119,CD-PE,2026-09-04,75,GRP-00090
OL-0125122,CD-PR,2026-09-03,525,GRP-00093
OL-0125104,CD-PR,2026-09-03,125,GRP-00093
OL-0125103,CD-PR,2026-09-02,112,GRP-00091
OL-0125100,CD-PR,2026-09-02,75,GRP-00091
OL-0125105,CD-PE,2026-09-04,224,GRP-00090
OL-0125120,CD-SP,2026-09-02,150,GRP-00092
OL-0125111,CD-PR,2026-09-04,350,GRP-00094
OL-0125099,CD-PR,2026-09-03,112,GRP-00095
OL-0125110,CD-SP,2026-09-03,75,GRP-00096
OL-0125207,CD-PR,2026-09-03,75,GRP-00095
OL-0125214,CD-PR,2026-09-04,125,GRP-00094
OL-0125237,CD-PE,2026-09-08,112,GRP-00097
OL-0125238,CD-PR,2026-09-04,175,GRP-00094
OL-0125209,CD-PR,2026-09-04,525,GRP-00094
OL-0125206,CD-PR,2026-09-03,224,GRP-00095
OL-0125224,CD-PR,2026-09-03,75,GRP-00095
OL-0125236,CD-SP,2026-09-03,225,GRP-00096
OL-0125228,CD-PE,2026-09-08,75,GRP-00097
OL-0125205,CD-PR,2026-09-03,175,GRP-00095
OL-0125217,CD-PR,2026-09-04,175,GRP-00094
OL-0125210,CD-SP,2026-09-03,112,GRP-00096
OL-0125240,CD-PR,2026-09-04,350,GRP-00094
OL-0125230,CD-PR,2026-09-04,175,GRP-00094
OL-0125227,CD-GO,2026-09-11,75,GRP-00098
OL-0125231,CD-GO,2026-09-04,112,GRP-00099
OL-0125223,CD-PE,2026-09-08,150,GRP-00097
OL-0125204,CD-SP,2026-09-03,75,GRP-00096
OL-0125212,CD-GO,2026-09-04,175,GRP-00099
OL-0125215,CD-GO,2026-09-04,175,GRP-00099
OL-0125216,CD-GO,2026-09-04,112,GRP-00099
OL-0125213,CD-PR,2026-09-04,175,GRP-00094
OL-0125221,CD-PR,2026-09-04,175,GRP-00100
OL-0125220,CD-PE,2026-09-08,75,GRP-00097
OL-0125232,CD-GO,2026-09-11,175,GRP-00098
OL-0125233,CD-GO,2026-09-11,112,GRP-00098
OL-0125241,CD-PR,2026-09-04,350,GRP-00100
OL-0125235,CD-PR,2026-09-03,175,GRP-00095
OL-0125234,CD-PR,2026-09-04,175,GRP-00100
OL-0125218,CD-SP,2026-09-03,112,GRP-00096
OL-0125201,CD-PR,2026-09-04,525,GRP-00100
OL-0125211,CD-SP,2026-09-03,224,GRP-00096
OL-0125229,CD-GO,2026-09-04,75,GRP-00099
OL-0125219,CD-GO,2026-09-04,75,GRP-00099
OL-0125202,CD-PE,2026-09-08,112,GRP-00097
OL-0125203,CD-SP,2026-09-03,75,GRP-00096
OL-0125222,CD-PR,2026-09-04,150,GRP-00100
OL-0125226,CD-SP,2026-09-03,112,GRP-00096
OL-0125243,CD-PR,2026-09-03,75,GRP-00095
OL-0125225,CD-PR,2026-09-04,175,GRP-00100
OL-0125244,CD-PR,2026-09-04,75,GRP-00101
OL-0125242,CD-PE,2026-09-09,350,GRP-00102
OL-0125208,CD-PE,2026-09-09,75,GRP-00102
OL-0125239,CD-SP,2026-09-08,175,GRP-00103
OL-0125335,CD-GO,2026-09-08,112,GRP-00104
OL-0125349,CD-GO,2026-09-08,75,GRP-00104
OL-0125346,CD-PR,2026-09-08,125,GRP-00105
OL-0125336,CD-SP,2026-09-04,75,GRP-00106
OL-0125328,CD-SP,2026-09-08,175,GRP-00107
OL-0125325,CD-SP,2026-09-08,350,GRP-00108
OL-0125340,CD-SP,2026-09-08,350,GRP-00109
OL-0125341,CD-PR,2026-09-04,336,GRP-00101
OL-0125332,CD-SP,2026-09-08,75,GRP-00110
OL-0125353,CD-SP,2026-09-04,75,GRP-00106
OL-0125327,CD-PR,2026-09-04,175,GRP-00101
OL-0125323,CD-PE,2026-09-09,75,GRP-00102
OL-0125345,CD-PR,2026-09-08,125,GRP-00105
OL-0125355,CD-GO,2026-09-08,75,GRP-00104
OL-0125338,CD-SP,2026-09-08,350,GRP-00111
OL-0125348,CD-PR,2026-09-04,125,GRP-00101
OL-0125358,CD-PR,2026-09-04,75,GRP-00101
OL-0125350,CD-PR,2026-09-04,175,GRP-00101
OL-0125359,CD-SP,2026-09-04,150,GRP-00106
OL-0125331,CD-GO,2026-09-08,175,GRP-00104
OL-0125354,CD-PE,2026-09-09,224,GRP-00102
OL-0125347,CD-PR,2026-09-04,175,GRP-00101
OL-0125333,CD-PR,2026-09-09,75,GRP-00112
OL-0125329,CD-GO,2026-09-14,112,GRP-00113
OL-0125339,CD-PE,2026-09-09,350,GRP-00102
OL-0125357,CD-SP,2026-09-08,175,GRP-00114
OL-0125337,CD-PR,2026-09-09,75,GRP-00115
OL-0125326,CD-SP,2026-09-04,112,GRP-00106
OL-0125351,CD-SP,2026-09-04,112,GRP-00106
OL-0125356,CD-SP,2026-09-04,75,GRP-00106
OL-0125352,CD-SP,2026-09-08,150,GRP-00116
OL-0125342,CD-SP,2026-09-08,175,GRP-00117
OL-0125343,CD-PE,2026-09-10,175,GRP-00118
OL-0125344,CD-PE,2026-09-10,125,GRP-00118
OL-0125324,CD-PE,2026-09-10,112,GRP-00118
OL-0125330,CD-PE,2026-09-10,150,GRP-00118
OL-0125334,CD-SP,2026-09-08,336,GRP-00117
OL-0125448,CD-SP,2026-09-08,350,GRP-00117
OL-0125451,CD-GO,2026-09-09,112,GRP-00119
OL-0125454,CD-SP,2026-09-08,75,GRP-00117
OL-0125438,CD-SP,2026-09-08,112,GRP-00117
OL-0125437,CD-PR,2026-09-08,112,GRP-00120
OL-0125446,CD-SP,2026-09-08,75,GRP-00117
OL-0125443,CD-GO,2026-09-09,75,GRP-00119
OL-0125459,CD-SP,2026-09-08,175,GRP-00117
OL-0125452,CD-SP,2026-09-08,350,GRP-00117
OL-0125434,CD-PR,2026-09-09,75,GRP-00121
OL-0125449,CD-GO,2026-09-15,112,GRP-00122
OL-0125430,CD-GO,2026-09-15,175,GRP-00122
OL-0125436,CD-SP,2026-09-08,112,GRP-00123
OL-0125432,CD-SP,2026-09-08,75,GRP-00123
OL-0125462,CD-SP,2026-09-09,125,GRP-00124
OL-0125457,CD-PE,2026-09-10,150,GRP-00118
OL-0125460,CD-PE,2026-09-10,350,GRP-00118
OL-0125444,CD-GO,2026-09-09,175,GRP-00119
OL-0125445,CD-GO,2026-09-09,75,GRP-00119
OL-0125456,CD-PE,2026-09-10,175,GRP-00118
OL-0125450,CD-PR,2026-09-08,150,GRP-00120
OL-0125464,CD-SP,2026-09-08,175,GRP-00123
OL-0125463,CD-PE,2026-09-10,125,GRP-00118
OL-0125439,CD-SP,2026-09-08,75,GRP-00123
OL-0125455,CD-GO,2026-09-15,75,GRP-00122
OL-0125453,CD-SP,2026-09-08,112,GRP-00123
OL-0125433,CD-SP,2026-09-08,175,GRP-00123
OL-0125447,CD-SP,2026-09-08,350,GRP-00123
OL-0125461,CD-SP,2026-09-08,224,GRP-00123
OL-0125458,CD-SP,2026-09-08,150,GRP-00125
OL-0125465,CD-SP,2026-09-08,112,GRP-00125
OL-0125431,CD-PR,2026-09-08,350,GRP-00120
OL-0125440,CD-PE,2026-09-10,75,GRP-00118
OL-0125442,CD-PE,2026-09-10,336,GRP-00126
OL-0125441,CD-SP,2026-09-09,350,GRP-00127
OL-0125435,CD-PE,2026-09-11,75,GRP-00128
OL-0125534,CD-PE,2026-09-11,75,GRP-00128
OL-0125540,CD-PE,2026-09-11,112,GRP-00128
OL-0125536,CD-PE,2026-09-11,75,GRP-00128
OL-0125553,CD-SP,2026-09-09,175,GRP-00127
OL-0125549,CD-SP,2026-09-09,350,GRP-00127
OL-0125555,CD-SP,2026-09-09,350,GRP-00127
OL-0125539,CD-SP,2026-09-09,75,GRP-00127
OL-0125556,CD-SP,2026-09-09,175,GRP-00127
OL-0125547,CD-PR,2026-09-09,75,GRP-00129
OL-0125550,CD-PR,2026-09-09,224,GRP-00129
OL-0125551,CD-GO,2026-09-10,175,GRP-00130
OL-0125543,CD-PR,2026-09-09,350,GRP-00129
OL-0125542,CD-GO,2026-09-10,75,GRP-00130
OL-0125541,CD-SP,2026-09-09,75,GRP-00127
OL-0125546,CD-PE,2026-09-11,175,GRP-00128
OL-0125533,CD-SP,2026-09-09,112,GRP-00127
OL-0125544,CD-GO,2026-09-10,112,GRP-00130
OL-0125537,CD-SP,2026-09-09,75,GRP-00131
OL-0125535,CD-PE,2026-09-11,175,GRP-00128
OL-0125545,CD-SP,2026-09-09,112,GRP-00131
OL-0125538,CD-GO,2026-09-16,75,GRP-00132
OL-0125554,CD-SP,2026-09-09,75,GRP-00133
OL-0125552,CD-SP,2026-09-09,224,GRP-00133
OL-0125548,CD-SP,2026-09-09,175,GRP-00133
OL-0125651,CD-PR,2026-09-10,150,GRP-00134
OL-0125633,CD-PE,2026-09-14,224,GRP-00135
OL-0125634,CD-PE,2026-09-14,75,GRP-00135
OL-0125644,CD-PE,2026-09-14,175,GRP-00135
OL-0125643,CD-SP,2026-09-10,150,GRP-00136
OL-0125641,CD-SP,2026-09-10,175,GRP-00136
OL-0125628,CD-SP,2026-09-10,112,GRP-00136
OL-0125661,CD-GO,2026-09-11,125,GRP-00137
OL-0125655,CD-SP,2026-09-10,1050,GRP-00136
OL-0125647,CD-PR,2026-09-10,150,GRP-00134
OL-0125657,CD-PE,2026-09-14,112,GRP-00135
OL-0125648,CD-GO,2026-09-11,175,GRP-00137
OL-0125640,CD-PE,2026-09-14,175,GRP-00135
OL-0125637,CD-SP,2026-09-10,112,GRP-00136
OL-0125649,CD-PR,2026-09-10,336,GRP-00134
OL-0125635,CD-GO,2026-09-11,75,GRP-00137
OL-0125632,CD-GO,2026-09-17,175,GRP-00138
OL-0125629,CD-SP,2026-09-10,125,GRP-00136
OL-0125659,CD-PE,2026-09-14,350,GRP-00135
OL-0125642,CD-SP,2026-09-10,75,GRP-00136
OL-0125645,CD-SP,2026-09-10,150,GRP-00136
OL-0125638,CD-PE,2026-09-14,75,GRP-00135
OL-0125646,CD-SP,2026-09-10,224,GRP-00139
OL-0125658,CD-PR,2026-09-10,350,GRP-00134
OL-0125652,CD-GO,2026-09-11,112,GRP-00137
OL-0125654,CD-PE,2026-09-14,150,GRP-00135
OL-0125639,CD-PR,2026-09-10,125,GRP-00134
OL-0125656,CD-GO,2026-09-11,75,GRP-00137
OL-0125650,CD-SP,2026-09-10,75,GRP-00139
OL-0125636,CD-SP,2026-09-10,175,GRP-00139
OL-0125630,CD-GO,2026-09-17,112,GRP-00138
OL-0125631,CD-SP,2026-09-10,350,GRP-00139
OL-0125653,CD-GO,2026-09-11,175,GRP-00137
OL-0125660,CD-SP,2026-09-11,112,GRP-00140
OL-0125766,CD-PE,2026-09-15,112,GRP-00141
OL-0125772,CD-SP,2026-09-11,350,GRP-00140
OL-0125773,CD-PE,2026-09-15,224,GRP-00141
OL-0125758,CD-SP,2026-09-11,75,GRP-00140
OL-0125746,CD-PR,2026-09-11,75,GRP-00142
OL-0125752,CD-SP,2026-09-11,125,GRP-00140
OL-0125747,CD-SP,2026-09-11,350,GRP-00140
OL-0125757,CD-SP,2026-09-11,175,GRP-00140
OL-0125778,CD-SP,2026-09-11,350,GRP-00140
OL-0125779,CD-SP,2026-09-11,175,GRP-00140
OL-0125753,CD-PE,2026-09-15,125,GRP-00141
OL-0125760,CD-SP,2026-09-11,75,GRP-00143
OL-0125764,CD-PR,2026-09-11,350,GRP-00142
OL-0125749,CD-SP,2026-09-11,525,GRP-00143
OL-0125750,CD-SP,2026-09-11,75,GRP-00143
OL-0125776,CD-SP,2026-09-11,75,GRP-00143
OL-0125751,CD-PR,2026-09-11,75,GRP-00142
OL-0125763,CD-PE,2026-09-15,150,GRP-00141
OL-0125754,CD-GO,2026-09-14,112,GRP-00144
OL-0125770,CD-SP,2026-09-11,448,GRP-00143
OL-0125775,CD-SP,2026-09-11,336,GRP-00143
OL-0125761,CD-GO,2026-09-18,175,GRP-00145
OL-0125756,CD-PR,2026-09-11,112,GRP-00142
OL-0125759,CD-PR,2026-09-11,224,GRP-00142
OL-0125755,CD-GO,2026-09-14,75,GRP-00144
OL-0125777,CD-SP,2026-09-11,150,GRP-00143
OL-0125762,CD-GO,2026-09-14,75,GRP-00144
OL-0125771,CD-SP,2026-09-11,175,GRP-00143
OL-0125769,CD-PE,2026-09-15,350,GRP-00141
OL-0125765,CD-PR,2026-09-11,75,GRP-00142
OL-0125774,CD-PE,2026-09-15,75,GRP-00141
OL-0125767,CD-GO,2026-09-14,175,GRP-00144
OL-0125768,CD-GO,2026-09-14,112,GRP-00144
OL-0125748,CD-GO,2026-09-18,75,GRP-00145
OL-0125856,CD-SP,2026-09-14,75,GRP-00146
OL-0125881,CD-GO,2026-09-15,175,GRP-00147
OL-0125864,CD-SP,2026-09-14,112,GRP-00146
OL-0125865,CD-SP,2026-09-14,75,GRP-00146
OL-0125866,CD-PR,2026-09-14,112,GRP-00148
OL-0125868,CD-GO,2026-09-21,75,GRP-00149
OL-0125876,CD-SP,2026-09-14,350,GRP-00146
OL-0125855,CD-PE,2026-09-16,224,GRP-00150
OL-0125880,CD-SP,2026-09-14,224,GRP-00146
OL-0125853,CD-PE,2026-09-16,75,GRP-00150
OL-0125869,CD-PE,2026-09-16,350,GRP-00150
OL-0125858,CD-SP,2026-09-14,175,GRP-00146
OL-0125879,CD-PR,2026-09-14,150,GRP-00148
OL-0125854,CD-SP,2026-09-14,175,GRP-00146
OL-0125861,CD-SP,2026-09-14,175,GRP-00146
OL-0125882,CD-SP,2026-09-14,224,GRP-00146
OL-0125875,CD-PE,2026-09-16,150,GRP-00150
OL-0125860,CD-SP,2026-09-14,75,GRP-00151
OL-0125867,CD-PE,2026-09-16,75,GRP-00150
OL-0125877,CD-SP,2026-09-14,175,GRP-00151
OL-0125857,CD-GO,2026-09-21,75,GRP-00149
OL-0125863,CD-GO,2026-09-15,112,GRP-00147
OL-0125852,CD-SP,2026-09-14,175,GRP-00151
OL-0125862,CD-SP,2026-09-14,175,GRP-00151
OL-0125871,CD-GO,2026-09-21,112,GRP-00149
OL-0125870,CD-PR,2026-09-14,75,GRP-00148
OL-0125874,CD-PR,2026-09-15,112,GRP-00152
OL-0125859,CD-SP,2026-09-15,150,GRP-00153
OL-0125873,CD-PR,2026-09-15,125,GRP-00152
OL-0125878,CD-GO,2026-09-16,150,GRP-00154
OL-0125872,CD-PR,2026-09-15,350,GRP-00152
OL-0125943,CD-PR,2026-09-15,224,GRP-00152
OL-0125960,CD-SP,2026-09-15,175,GRP-00153
OL-0125957,CD-PE,2026-09-17,112,GRP-00155
OL-0125964,CD-GO,2026-09-16,75,GRP-00154
OL-0125951,CD-SP,2026-09-15,75,GRP-00153
OL-0125946,CD-SP,2026-09-15,175,GRP-00153
OL-0125953,CD-PE,2026-09-17,125,GRP-00155
OL-0125965,CD-GO,2026-09-16,175,GRP-00154
OL-0125949,CD-GO,2026-09-16,75,GRP-00154
OL-0125955,CD-PE,2026-09-17,112,GRP-00155
OL-0125956,CD-PE,2026-09-17,75,GRP-00155
OL-0125948,CD-SP,2026-09-15,125,GRP-00153
OL-0125962,CD-SP,2026-09-15,525,GRP-00153
OL-0125950,CD-SP,2026-09-15,75,GRP-00153
OL-0125959,CD-PR,2026-09-15,175,GRP-00152
OL-0125945,CD-GO,2026-09-22,175,GRP-00156
OL-0125947,CD-SP,2026-09-15,75,GRP-00153
OL-0125961,CD-SP,2026-09-15,175,GRP-00157
OL-0125944,CD-GO,2026-09-16,112,GRP-00154
OL-0125958,CD-PR,2026-09-15,75,GRP-00152
OL-0125952,CD-SP,2026-09-15,448,GRP-00157
OL-0125966,CD-SP,2026-09-15,175,GRP-00157
OL-0125954,CD-PE,2026-09-17,75,GRP-00155
OL-0125963,CD-PE,2026-09-18,350,GRP-00158
OL-0125148,CD-PR,2026-09-02,42,GRP-00091
OL-0125127,CD-PE,2026-09-04,42,GRP-00090
OL-0125152,CD-PR,2026-09-02,18,GRP-00091
OL-0125126,CD-SP,2026-09-08,192,GRP-00159
OL-0125155,CD-SP,2026-09-02,36,GRP-00092
OL-0125141,CD-SP,2026-09-08,114,GRP-00160
OL-0125157,CD-PR,2026-09-03,66,GRP-00093
OL-0125139,CD-PE,2026-09-04,72,GRP-00090
OL-0125154,CD-PR,2026-09-02,30,GRP-00091
OL-0125153,CD-SP,2026-09-02,30,GRP-00092
OL-0125134,CD-SP,2026-09-08,114,GRP-00161
OL-0125142,CD-GO,2026-09-10,36,GRP-00162
OL-0125143,CD-GO,2026-09-10,6,GRP-00162
OL-0125151,CD-SP,2026-09-02,42,GRP-00092
OL-0125149,CD-GO,2026-09-03,24,GRP-00089
OL-0125130,CD-SP,2026-09-02,30,GRP-00163
OL-0125156,CD-SP,2026-09-08,162,GRP-00164
OL-0125128,CD-PE,2026-09-04,60,GRP-00090
OL-0125129,CD-SP,2026-09-02,12,GRP-00163
OL-0125135,CD-GO,2026-09-10,6,GRP-00162
OL-0125138,CD-SP,2026-09-02,96,GRP-00163
OL-0125133,CD-GO,2026-09-03,60,GRP-00089
OL-0125159,CD-SP,2026-09-02,36,GRP-00163
OL-0125136,CD-PR,2026-09-02,42,GRP-00091
OL-0125137,CD-PR,2026-09-02,18,GRP-00091
OL-0125147,CD-SP,2026-09-02,30,GRP-00163
OL-0125144,CD-GO,2026-09-03,90,GRP-00089
OL-0125145,CD-GO,2026-09-03,18,GRP-00089
OL-0125146,CD-GO,2026-09-03,6,GRP-00089
OL-0125161,CD-PR,2026-09-02,42,GRP-00165
OL-0125132,CD-PE,2026-09-04,144,GRP-00166
OL-0125123,CD-GO,2026-09-10,30,GRP-00162
OL-0125124,CD-PE,2026-09-04,30,GRP-00166
OL-0125150,CD-SP,2026-09-02,36,GRP-00163
OL-0125125,CD-PR,2026-09-02,72,GRP-00165
OL-0125131,CD-PE,2026-09-04,12,GRP-00166
OL-0125160,CD-SP,2026-09-08,66,GRP-00167
OL-0125158,CD-PR,2026-09-02,24,GRP-00165
OL-0125140,CD-PR,2026-09-03,132,GRP-00095
OL-0125248,CD-PE,2026-09-08,30,GRP-00097
OL-0125290,CD-SP,2026-09-08,270,GRP-00168
OL-0125285,CD-GO,2026-09-04,60,GRP-00099
OL-0125286,CD-GO,2026-09-04,42,GRP-00099
OL-0125245,CD-PR,2026-09-03,84,GRP-00169
OL-0125278,CD-PE,2026-09-08,12,GRP-00097
OL-0125246,CD-PE,2026-09-08,24,GRP-00097
OL-0125283,CD-PR,2026-09-09,42,GRP-00170
OL-0125251,CD-SP,2026-09-08,276,GRP-00171
OL-0125279,CD-SP,2026-09-03,54,GRP-00172
OL-0125257,CD-SP,2026-09-08,150,GRP-00173
OL-0125255,CD-SP,2026-09-08,36,GRP-00174
OL-0125275,CD-SP,2026-09-08,108,GRP-00175
OL-0125276,CD-SP,2026-09-03,36,GRP-00172
OL-0125287,CD-SP,2026-09-03,48,GRP-00172
OL-0125253,CD-SP,2026-09-08,60,GRP-00176
OL-0125252,CD-SP,2026-09-03,72,GRP-00172
OL-0125280,CD-PE,2026-09-08,126,GRP-00177
OL-0125270,CD-SP,2026-09-08,30,GRP-00178
OL-0125256,CD-PE,2026-09-08,54,GRP-00177
OL-0125281,CD-SP,2026-09-03,30,GRP-00172
OL-0125273,CD-PR,2026-09-03,24,GRP-00169
OL-0125284,CD-SP,2026-09-03,84,GRP-00172
OL-0125289,CD-SP,2026-09-08,48,GRP-00179
OL-0125264,CD-PE,2026-09-08,54,GRP-00177
OL-0125263,CD-PR,2026-09-03,114,GRP-00169
OL-0125249,CD-GO,2026-09-11,18,GRP-00098
OL-0125250,CD-GO,2026-09-11,24,GRP-00098
OL-0125259,CD-GO,2026-09-04,24,GRP-00099
OL-0125268,CD-GO,2026-09-04,24,GRP-00099
OL-0125269,CD-GO,2026-09-04,6,GRP-00099
OL-0125271,CD-GO,2026-09-04,36,GRP-00180
OL-0125282,CD-PE,2026-09-08,30,GRP-00177
OL-0125288,CD-GO,2026-09-04,36,GRP-00180
OL-0125262,CD-PE,2026-09-08,84,GRP-00177
OL-0125247,CD-SP,2026-09-08,60,GRP-00181
OL-0125254,CD-PR,2026-09-03,12,GRP-00169
OL-0125272,CD-SP,2026-09-03,30,GRP-00172
OL-0125258,CD-PR,2026-09-03,42,GRP-00169
OL-0125274,CD-SP,2026-09-08,36,GRP-00182
OL-0125265,CD-GO,2026-09-11,42,GRP-00098
OL-0125266,CD-GO,2026-09-11,42,GRP-00098
OL-0125267,CD-GO,2026-09-11,6,GRP-00098
OL-0125261,CD-PR,2026-09-03,42,GRP-00169
OL-0125260,CD-SP,2026-09-08,72,GRP-00183
OL-0125277,CD-SP,2026-09-03,108,GRP-00172
OL-0125368,CD-SP,2026-09-04,120,GRP-00106
OL-0125386,CD-SP,2026-09-08,114,GRP-00184
OL-0125387,CD-SP,2026-09-04,24,GRP-00106
OL-0125360,CD-GO,2026-09-14,6,GRP-00113
OL-0125389,CD-PE,2026-09-09,90,GRP-00102
OL-0125397,CD-PR,2026-09-04,42,GRP-00101
OL-0125381,CD-SP,2026-09-09,102,GRP-00185
OL-0125395,CD-SP,2026-09-08,78,GRP-00186
OL-0125392,CD-SP,2026-09-04,90,GRP-00187
OL-0125391,CD-GO,2026-09-14,36,GRP-00113
OL-0125388,CD-GO,2026-09-08,54,GRP-00104
OL-0125382,CD-PR,2026-09-04,138,GRP-00188
OL-0125383,CD-PR,2026-09-09,24,GRP-00189
OL-0125371,CD-PE,2026-09-09,72,GRP-00102
OL-0125372,CD-PE,2026-09-09,36,GRP-00102
OL-0125390,CD-SP,2026-09-04,12,GRP-00187
OL-0125373,CD-PE,2026-09-09,78,GRP-00102
OL-0125363,CD-GO,2026-09-08,12,GRP-00104
OL-0125384,CD-GO,2026-09-14,12,GRP-00113
OL-0125398,CD-GO,2026-09-08,24,GRP-00104
OL-0125399,CD-GO,2026-09-08,6,GRP-00104
OL-0125375,CD-SP,2026-09-08,48,GRP-00190
OL-0125396,CD-PE,2026-09-09,36,GRP-00191
OL-0125394,CD-SP,2026-09-04,6,GRP-00187
OL-0125364,CD-GO,2026-09-08,48,GRP-00104
OL-0125369,CD-SP,2026-09-08,156,GRP-00192
OL-0125385,CD-GO,2026-09-08,42,GRP-00193
OL-0125378,CD-PR,2026-09-04,30,GRP-00188
OL-0125393,CD-SP,2026-09-04,24,GRP-00187
OL-0125374,CD-PE,2026-09-09,42,GRP-00191
OL-0125379,CD-PR,2026-09-09,54,GRP-00194
OL-0125380,CD-PR,2026-09-04,18,GRP-00188
OL-0125361,CD-SP,2026-09-08,162,GRP-00195
OL-0125370,CD-SP,2026-09-04,60,GRP-00187
OL-0125366,CD-PE,2026-09-09,36,GRP-00191
OL-0125367,CD-PE,2026-09-09,36,GRP-00191
OL-0125362,CD-SP,2026-09-04,18,GRP-00187
OL-0125377,CD-GO,2026-09-14,6,GRP-00113
OL-0125365,CD-PR,2026-09-04,114,GRP-00188
OL-0125376,CD-GO,2026-09-15,30,GRP-00122
OL-0125473,CD-GO,2026-09-15,6,GRP-00122
OL-0125491,CD-SP,2026-09-08,168,GRP-00125
OL-0125492,CD-SP,2026-09-08,60,GRP-00125
OL-0125493,CD-SP,2026-09-09,48,GRP-00196
OL-0125504,CD-PR,2026-09-08,42,GRP-00120
OL-0125477,CD-SP,2026-09-08,54,GRP-00125
OL-0125476,CD-SP,2026-09-08,24,GRP-00125
OL-0125494,CD-PE,2026-09-10,126,GRP-00126
OL-0125484,CD-PR,2026-09-09,30,GRP-00197
OL-0125483,CD-GO,2026-09-15,6,GRP-00122
OL-0125475,CD-SP,2026-09-08,24,GRP-00125
OL-0125497,CD-SP,2026-09-08,114,GRP-00125
OL-0125478,CD-SP,2026-09-08,108,GRP-00125
OL-0125482,CD-PE,2026-09-10,18,GRP-00126
OL-0125467,CD-PE,2026-09-10,144,GRP-00126
OL-0125506,CD-GO,2026-09-09,18,GRP-00119
OL-0125468,CD-SP,2026-09-08,36,GRP-00198
OL-0125486,CD-GO,2026-09-15,36,GRP-00122
OL-0125487,CD-GO,2026-09-15,12,GRP-00122
OL-0125495,CD-PE,2026-09-10,60,GRP-00126
OL-0125502,CD-SP,2026-09-08,54,GRP-00198
OL-0125503,CD-SP,2026-09-08,30,GRP-00198
OL-0125485,CD-PR,2026-09-08,102,GRP-00120
OL-0125474,CD-PE,2026-09-10,30,GRP-00126
OL-0125479,CD-SP,2026-09-08,90,GRP-00198
OL-0125488,CD-SP,2026-09-08,18,GRP-00198
OL-0125500,CD-SP,2026-09-08,84,GRP-00198
OL-0125498,CD-GO,2026-09-15,30,GRP-00122
OL-0125505,CD-SP,2026-09-08,78,GRP-00198
OL-0125469,CD-GO,2026-09-09,66,GRP-00119
OL-0125470,CD-GO,2026-09-09,54,GRP-00119
OL-0125471,CD-PE,2026-09-10,6,GRP-00126
OL-0125472,CD-PE,2026-09-10,24,GRP-00126
OL-0125480,CD-PR,2026-09-08,24,GRP-00120
OL-0125481,CD-PR,2026-09-08,66,GRP-00120
OL-0125496,CD-PR,2026-09-08,12,GRP-00120
OL-0125489,CD-GO,2026-09-09,36,GRP-00119
OL-0125490,CD-GO,2026-09-09,12,GRP-00119
OL-0125466,CD-SP,2026-09-08,108,GRP-00198
OL-0125501,CD-SP,2026-09-09,36,GRP-00131
OL-0125499,CD-PR,2026-09-09,12,GRP-00129
OL-0125583,CD-PE,2026-09-11,24,GRP-00128
OL-0125566,CD-SP,2026-09-09,126,GRP-00131
OL-0125582,CD-SP,2026-09-09,6,GRP-00131
OL-0125588,CD-SP,2026-09-09,114,GRP-00131
OL-0125568,CD-PE,2026-09-11,36,GRP-00128
OL-0125564,CD-SP,2026-09-09,60,GRP-00131
OL-0125575,CD-GO,2026-09-10,42,GRP-00130
OL-0125576,CD-GO,2026-09-10,18,GRP-00130
OL-0125563,CD-GO,2026-09-16,6,GRP-00132
OL-0125584,CD-GO,2026-09-16,18,GRP-00132
OL-0125586,CD-SP,2026-09-09,24,GRP-00131
OL-0125591,CD-SP,2026-09-09,102,GRP-00199
OL-0125592,CD-SP,2026-09-09,48,GRP-00199
OL-0125570,CD-GO,2026-09-16,30,GRP-00132
OL-0125571,CD-PR,2026-09-09,84,GRP-00129
OL-0125572,CD-PR,2026-09-09,12,GRP-00129
OL-0125561,CD-PE,2026-09-11,18,GRP-00200
OL-0125580,CD-SP,2026-09-09,18,GRP-00199
OL-0125577,CD-SP,2026-09-09,156,GRP-00199
OL-0125574,CD-GO,2026-09-16,6,GRP-00132
OL-0125587,CD-SP,2026-09-09,48,GRP-00199
OL-0125557,CD-PE,2026-09-11,54,GRP-00200
OL-0125585,CD-GO,2026-09-16,18,GRP-00132
OL-0125558,CD-PR,2026-09-09,30,GRP-00129
OL-0125559,CD-PR,2026-09-09,36,GRP-00129
OL-0125562,CD-PE,2026-09-11,30,GRP-00200
OL-0125581,CD-PR,2026-09-09,18,GRP-00129
OL-0125565,CD-SP,2026-09-09,12,GRP-00201
OL-0125579,CD-GO,2026-09-10,24,GRP-00130
OL-0125589,CD-PE,2026-09-11,114,GRP-00200
OL-0125590,CD-GO,2026-09-10,6,GRP-00130
OL-0125567,CD-PE,2026-09-11,12,GRP-00200
OL-0125569,CD-GO,2026-09-10,48,GRP-00130
OL-0125560,CD-SP,2026-09-09,24,GRP-00199
OL-0125573,CD-PR,2026-09-09,60,GRP-00202
OL-0125578,CD-PR,2026-09-09,24,GRP-00202
OL-0125668,CD-SP,2026-09-10,18,GRP-00139
OL-0125702,CD-PR,2026-09-10,36,GRP-00134
OL-0125706,CD-SP,2026-09-10,30,GRP-00139
OL-0125698,CD-PR,2026-09-10,12,GRP-00134
OL-0125704,CD-SP,2026-09-10,60,GRP-00139
OL-0125701,CD-SP,2026-09-10,36,GRP-00139
OL-0125680,CD-SP,2026-09-10,120,GRP-00203
OL-0125697,CD-SP,2026-09-10,30,GRP-00203
OL-0125687,CD-SP,2026-09-10,24,GRP-00203
OL-0125677,CD-SP,2026-09-10,174,GRP-00203
OL-0125674,CD-PR,2026-09-10,84,GRP-00134
OL-0125694,CD-PE,2026-09-14,66,GRP-00135
OL-0125695,CD-PE,2026-09-14,36,GRP-00135
OL-0125684,CD-SP,2026-09-10,24,GRP-00203
OL-0125676,CD-SP,2026-09-10,54,GRP-00203
OL-0125665,CD-PE,2026-09-14,78,GRP-00204
OL-0125690,CD-SP,2026-09-10,30,GRP-00203
OL-0125670,CD-PR,2026-09-10,48,GRP-00205
OL-0125679,CD-GO,2026-09-11,18,GRP-00137
OL-0125662,CD-GO,2026-09-17,42,GRP-00138
OL-0125663,CD-GO,2026-09-17,12,GRP-00138
OL-0125685,CD-GO,2026-09-11,24,GRP-00137
OL-0125686,CD-GO,2026-09-11,24,GRP-00137
OL-0125689,CD-SP,2026-09-10,60,GRP-00203
OL-0125671,CD-PE,2026-09-14,66,GRP-00204
OL-0125664,CD-SP,2026-09-10,138,GRP-00206
OL-0125678,CD-PR,2026-09-10,18,GRP-00205
OL-0125699,CD-SP,2026-09-10,102,GRP-00206
OL-0125693,CD-PR,2026-09-10,48,GRP-00205
OL-0125681,CD-GO,2026-09-17,24,GRP-00138
OL-0125682,CD-GO,2026-09-17,12,GRP-00138
OL-0125683,CD-GO,2026-09-17,6,GRP-00138
OL-0125705,CD-GO,2026-09-11,18,GRP-00207
OL-0125669,CD-SP,2026-09-10,18,GRP-00206
OL-0125691,CD-PE,2026-09-14,156,GRP-00204
OL-0125700,CD-SP,2026-09-10,90,GRP-00206
OL-0125688,CD-SP,2026-09-10,24,GRP-00206
OL-0125696,CD-SP,2026-09-10,78,GRP-00206
OL-0125667,CD-SP,2026-09-10,36,GRP-00206
OL-0125692,CD-PE,2026-09-14,24,GRP-00204
OL-0125675,CD-PR,2026-09-10,132,GRP-00205
OL-0125666,CD-PE,2026-09-15,78,GRP-00141
OL-0125672,CD-GO,2026-09-14,114,GRP-00144
OL-0125673,CD-GO,2026-09-14,6,GRP-00144
OL-0125703,CD-GO,2026-09-14,48,GRP-00144
OL-0125813,CD-SP,2026-09-11,36,GRP-00208
OL-0125814,CD-SP,2026-09-11,120,GRP-00208
OL-0125817,CD-SP,2026-09-11,72,GRP-00208
OL-0125797,CD-PR,2026-09-11,42,GRP-00142
OL-0125798,CD-PR,2026-09-11,42,GRP-00142
OL-0125799,CD-PR,2026-09-11,36,GRP-00142
OL-0125786,CD-GO,2026-09-14,30,GRP-00144
OL-0125816,CD-GO,2026-09-14,60,GRP-00144
OL-0125794,CD-PR,2026-09-11,78,GRP-00142
OL-0125803,CD-PE,2026-09-15,96,GRP-00141
OL-0125811,CD-GO,2026-09-18,36,GRP-00145
OL-0125808,CD-SP,2026-09-11,108,GRP-00208
OL-0125796,CD-PR,2026-09-11,66,GRP-00209
OL-0125792,CD-SP,2026-09-11,78,GRP-00208
OL-0125793,CD-SP,2026-09-11,6,GRP-00208
OL-0125780,CD-GO,2026-09-18,18,GRP-00145
OL-0125810,CD-SP,2026-09-11,132,GRP-00208
OL-0125801,CD-SP,2026-09-11,144,GRP-00208
OL-0125789,CD-SP,2026-09-11,174,GRP-00208
OL-0125784,CD-PE,2026-09-15,24,GRP-00210
OL-0125785,CD-PE,2026-09-15,18,GRP-00210
OL-0125812,CD-SP,2026-09-11,36,GRP-00208
OL-0125807,CD-SP,2026-09-11,96,GRP-00211
OL-0125790,CD-GO,2026-09-18,30,GRP-00145
OL-0125800,CD-SP,2026-09-11,96,GRP-00211
OL-0125791,CD-PE,2026-09-15,42,GRP-00210
OL-0125795,CD-SP,2026-09-11,84,GRP-00211
OL-0125787,CD-PR,2026-09-11,120,GRP-00209
OL-0125802,CD-GO,2026-09-18,6,GRP-00145
OL-0125782,CD-PE,2026-09-15,120,GRP-00210
OL-0125783,CD-PE,2026-09-15,42,GRP-00210
OL-0125809,CD-SP,2026-09-11,18,GRP-00211
OL-0125815,CD-GO,2026-09-14,12,GRP-00144
OL-0125804,CD-GO,2026-09-15,90,GRP-00147
OL-0125805,CD-GO,2026-09-15,36,GRP-00147
OL-0125781,CD-PE,2026-09-16,18,GRP-00150
OL-0125806,CD-GO,2026-09-15,12,GRP-00147
OL-0125788,CD-PE,2026-09-16,6,GRP-00150
OL-0125906,CD-GO,2026-09-15,36,GRP-00147
OL-0125907,CD-GO,2026-09-15,12,GRP-00147
OL-0125892,CD-GO,2026-09-21,6,GRP-00149
OL-0125910,CD-SP,2026-09-14,108,GRP-00151
OL-0125884,CD-PE,2026-09-16,54,GRP-00150
OL-0125883,CD-SP,2026-09-14,6,GRP-00151
OL-0125899,CD-PE,2026-09-16,48,GRP-00212
OL-0125915,CD-PE,2026-09-16,42,GRP-00212
OL-0125894,CD-SP,2026-09-14,24,GRP-00151
OL-0125902,CD-SP,2026-09-14,66,GRP-00151
OL-0125908,CD-GO,2026-09-15,54,GRP-00147
OL-0125913,CD-SP,2026-09-14,18,GRP-00213
OL-0125888,CD-PE,2026-09-16,30,GRP-00212
OL-0125917,CD-SP,2026-09-14,168,GRP-00213
OL-0125903,CD-GO,2026-09-21,36,GRP-00149
OL-0125904,CD-GO,2026-09-21,6,GRP-00149
OL-0125891,CD-PR,2026-09-14,48,GRP-00148
OL-0125890,CD-GO,2026-09-15,54,GRP-00147
OL-0125900,CD-GO,2026-09-15,18,GRP-00147
OL-0125889,CD-SP,2026-09-14,54,GRP-00213
OL-0125898,CD-SP,2026-09-14,48,GRP-00213
OL-0125914,CD-SP,2026-09-14,48,GRP-00213
OL-0125918,CD-SP,2026-09-14,72,GRP-00213
OL-0125905,CD-SP,2026-09-14,54,GRP-00213
OL-0125887,CD-PR,2026-09-14,114,GRP-00148
OL-0125901,CD-PR,2026-09-14,18,GRP-00148
OL-0125911,CD-GO,2026-09-21,36,GRP-00149
OL-0125912,CD-GO,2026-09-21,12,GRP-00149
OL-0125893,CD-SP,2026-09-14,54,GRP-00213
OL-0125885,CD-PE,2026-09-16,36,GRP-00212
OL-0125886,CD-PE,2026-09-16,36,GRP-00212
OL-0125909,CD-SP,2026-09-14,162,GRP-00214
OL-0125897,CD-PE,2026-09-16,144,GRP-00212
OL-0125916,CD-PR,2026-09-15,90,GRP-00152
OL-0125895,CD-PR,2026-09-15,30,GRP-00152
OL-0125896,CD-PR,2026-09-15,18,GRP-00152
OL-0125989,CD-SP,2026-09-15,24,GRP-00157
OL-0125976,CD-PE,2026-09-17,24,GRP-00155
OL-0125977,CD-PE,2026-09-17,6,GRP-00155
OL-0125970,CD-GO,2026-09-22,30,GRP-00156
OL-0125986,CD-GO,2026-09-16,18,GRP-00154
OL-0125987,CD-GO,2026-09-16,24,GRP-00154
OL-0125974,CD-PE,2026-09-17,48,GRP-00155
OL-0125995,CD-GO,2026-09-16,54,GRP-00154
OL-0125992,CD-SP,2026-09-15,42,GRP-00157
OL-0125990,CD-PE,2026-09-17,120,GRP-00155
OL-0125973,CD-SP,2026-09-15,60,GRP-00157
OL-0125967,CD-GO,2026-09-22,6,GRP-00156
OL-0125968,CD-PE,2026-09-17,24,GRP-00155
OL-0125972,CD-SP,2026-09-15,36,GRP-00157
OL-0125983,CD-SP,2026-09-15,60,GRP-00157
OL-0125975,CD-PR,2026-09-15,24,GRP-00215
OL-0125996,CD-SP,2026-09-15,54,GRP-00216
OL-0125981,CD-GO,2026-09-22,12,GRP-00156
OL-0125971,CD-PE,2026-09-17,24,GRP-00217
OL-0125997,CD-SP,2026-09-15,18,GRP-00216
OL-0125969,CD-PR,2026-09-15,36,GRP-00215
OL-0125978,CD-PR,2026-09-15,78,GRP-00215
OL-0125979,CD-PR,2026-09-15,12,GRP-00215
OL-0125982,CD-PR,2026-09-15,108,GRP-00215
OL-0125991,CD-GO,2026-09-22,12,GRP-00156
OL-0125993,CD-SP,2026-09-15,138,GRP-00216
OL-0125994,CD-SP,2026-09-15,72,GRP-00216
OL-0125988,CD-SP,2026-09-15,198,GRP-00216
OL-0125984,CD-GO,2026-09-16,42,GRP-00154
OL-0125985,CD-GO,2026-09-16,6,GRP-00154
OL-0125980,CD-PE,2026-09-18,78,GRP-00158
