week_start,sku,region,forecast_qty,consumed_qty
2025-09-01,P1,SE,24885,24980
2025-09-01,P1,S,11060,9350
2025-09-01,P1,CO,5530,4705
2025-09-01,P1,NE,11060,10285
2025-09-01,P1,N,2765,1206
2025-09-01,P2,SE,15553,15552
2025-09-01,P2,S,6912,6420
2025-09-01,P2,CO,3456,3228
2025-09-01,P2,NE,6912,6888
2025-09-01,P2,N,1728,806
2025-09-01,P3,SE,4147,3540
2025-09-01,P3,S,1843,1368
2025-09-01,P3,CO,922,522
2025-09-01,P3,NE,1843,1368
2025-09-01,P3,N,461,111
2025-09-01,P4,SE,8710,7764
2025-09-01,P4,S,3871,3321
2025-09-01,P4,CO,1935,1227
2025-09-01,P4,NE,3871,2940
2025-09-01,P4,N,968,210
2025-09-01,P5,SE,2592,1728
2025-09-01,P5,S,1152,203
2025-09-01,P5,CO,576,191
2025-09-01,P5,NE,1152,870
2025-09-01,P5,N,288,18
2025-09-08,P1,SE,24885,24057
2025-09-08,P1,S,11060,11003
2025-09-08,P1,CO,5530,6515
2025-09-08,P1,NE,11060,10979
2025-09-08,P1,N,2765,1393
2025-09-08,P2,SE,15553,17862
2025-09-08,P2,S,6912,7314
2025-09-08,P2,CO,3456,3186
2025-09-08,P2,NE,6912,7930
2025-09-08,P2,N,1728,924
2025-09-08,P3,SE,4147,4326
2025-09-08,P3,S,1843,2154
2025-09-08,P3,CO,922,840
2025-09-08,P3,NE,1843,1755
2025-09-08,P3,N,461,129
2025-09-08,P4,SE,8710,8151
2025-09-08,P4,S,3871,4455
2025-09-08,P4,CO,1935,1701
2025-09-08,P4,NE,3871,4830
2025-09-08,P4,N,968,516
2025-09-08,P5,SE,2592,3377
2025-09-08,P5,S,1152,1334
2025-09-08,P5,CO,576,167
2025-09-08,P5,NE,1152,697
2025-09-08,P5,N,288,18
2025-09-15,P1,SE,24885,25867
2025-09-15,P1,S,11060,11160
2025-09-15,P1,CO,5530,6322
2025-09-15,P1,NE,11060,11166
2025-09-15,P1,N,2765,1381
2025-09-15,P2,SE,15553,17820
2025-09-15,P2,S,6912,7308
2025-09-15,P2,CO,3456,3062
2025-09-15,P2,NE,6912,6254
2025-09-15,P2,N,1728,1060
2025-09-15,P3,SE,4147,4824
2025-09-15,P3,S,1843,1767
2025-09-15,P3,CO,922,915
2025-09-15,P3,NE,1843,2136
2025-09-15,P3,N,461,417
2025-09-15,P4,SE,8710,8868
2025-09-15,P4,S,3871,3615
2025-09-15,P4,CO,1935,1926
2025-09-15,P4,NE,3871,3714
2025-09-15,P4,N,968,510
2025-09-15,P5,SE,2592,1692
2025-09-15,P5,S,1152,864
2025-09-15,P5,CO,576,1179
2025-09-15,P5,NE,1152,828
2025-09-15,P5,N,288,149
2025-09-22,P1,SE,24885,25463
2025-09-22,P1,S,11060,10973
2025-09-22,P1,CO,5530,4675
2025-09-22,P1,NE,11060,10979
2025-09-22,P1,N,2765,1206
2025-09-22,P2,SE,15553,15528
2025-09-22,P2,S,6912,6846
2025-09-22,P2,CO,3456,4092
2025-09-22,P2,NE,6912,7308
2025-09-22,P2,N,1728,918
2025-09-22,P3,SE,4147,3522
2025-09-22,P3,S,1843,2136
2025-09-22,P3,CO,922,846
2025-09-22,P3,NE,1843,1779
2025-09-22,P3,N,461,192
2025-09-22,P4,SE,8710,8157
2025-09-22,P4,S,3871,2910
2025-09-22,P4,CO,1935,2100
2025-09-22,P4,NE,3871,4425
2025-09-22,P4,N,968,897
2025-09-22,P5,SE,2592,2192
2025-09-22,P5,S,1152,1352
2025-09-22,P5,CO,576,703
2025-09-22,P5,NE,1152,1352
2025-09-22,P5,N,288,24
2025-09-29,P1,SE,24885,22386
2025-09-29,P1,S,11072,11178
2025-09-29,P1,CO,5542,5568
2025-09-29,P1,NE,11108,10267
2025-09-29,P1,N,2772,2093
2025-09-29,P2,SE,15553,16008
2025-09-29,P2,S,6920,7332
2025-09-29,P2,CO,3464,3216
2025-09-29,P2,NE,6942,6378
2025-09-29,P2,N,1733,930
2025-09-29,P3,SE,4147,3405
2025-09-29,P3,S,1845,1467
2025-09-29,P3,CO,924,1314
2025-09-29,P3,NE,1851,1761
2025-09-29,P3,N,462,423
2025-09-29,P4,SE,11397,12060
2025-09-29,P4,S,5072,5634
2025-09-29,P4,CO,2539,2430
2025-09-29,P4,NE,5092,5559
2025-09-29,P4,N,1270,597
2025-09-29,P5,SE,2592,2704
2025-09-29,P5,S,1153,840
2025-09-29,P5,CO,577,173
2025-09-29,P5,NE,1157,1352
2025-09-29,P5,N,289,161
2025-10-06,P1,SE,24885,24745
2025-10-06,P1,S,11082,11715
2025-10-06,P1,CO,5552,5622
2025-10-06,P1,NE,11148,11896
2025-10-06,P1,N,2779,1387
2025-10-06,P2,SE,15553,14776
2025-10-06,P2,S,6926,6852
2025-10-06,P2,CO,3470,5490
2025-10-06,P2,NE,6968,7178
2025-10-06,P2,N,1737,1262
2025-10-06,P3,SE,4147,4020
2025-10-06,P3,S,1847,2049
2025-10-06,P3,CO,925,846
2025-10-06,P3,NE,1858,2148
2025-10-06,P3,N,463,123
2025-10-06,P4,SE,13687,15018
2025-10-06,P4,S,6095,6057
2025-10-06,P4,CO,3054,2805
2025-10-06,P4,NE,6132,5022
2025-10-06,P4,N,1528,621
2025-10-06,P5,SE,2592,1662
2025-10-06,P5,S,1154,816
2025-10-06,P5,CO,578,810
2025-10-06,P5,NE,1161,352
2025-10-06,P5,N,289,661
2025-10-13,P1,SE,24885,25873
2025-10-13,P1,S,11082,11190
2025-10-13,P1,CO,5552,6292
2025-10-13,P1,NE,11148,11196
2025-10-13,P1,N,2779,1411
2025-10-13,P2,SE,15553,14142
2025-10-13,P2,S,6926,6118
2025-10-13,P2,CO,3470,6846
2025-10-13,P2,NE,6968,8202
2025-10-13,P2,N,1737,912
2025-10-13,P3,SE,4147,4221
2025-10-13,P3,S,1847,1749
2025-10-13,P3,CO,925,1227
2025-10-13,P3,NE,1858,2067
2025-10-13,P3,N,463,117
2025-10-13,P4,SE,13687,15006
2025-10-13,P4,S,6095,5721
2025-10-13,P4,CO,3054,2928
2025-10-13,P4,NE,6132,6450
2025-10-13,P4,N,1528,609
2025-10-13,P5,SE,2592,2383
2025-10-13,P5,S,1154,1525
2025-10-13,P5,CO,578,673
2025-10-13,P5,NE,1161,1489
2025-10-13,P5,N,289,24
2025-10-20,P1,SE,24885,23852
2025-10-20,P1,S,11082,10931
2025-10-20,P1,CO,5552,4880
2025-10-20,P1,NE,11148,11709
2025-10-20,P1,N,2779,2093
2025-10-20,P2,SE,15553,14794
2025-10-20,P2,S,6926,8048
2025-10-20,P2,CO,3470,5490
2025-10-20,P2,NE,6968,7326
2025-10-20,P2,N,1737,924
2025-10-20,P3,SE,4147,4425
2025-10-20,P3,S,1847,1761
2025-10-20,P3,CO,925,534
2025-10-20,P3,NE,1858,1848
2025-10-20,P3,N,463,504
2025-10-20,P4,SE,13687,14271
2025-10-20,P4,S,6095,7653
2025-10-20,P4,CO,3054,3627
2025-10-20,P4,NE,6132,6432
2025-10-20,P4,N,1528,1107
2025-10-20,P5,SE,2592,3032
2025-10-20,P5,S,1154,1209
2025-10-20,P5,CO,578,173
2025-10-20,P5,NE,1161,1358
2025-10-20,P5,N,289,155
2025-10-27,P1,SE,24885,23979
2025-10-27,P1,S,11082,10991
2025-10-27,P1,CO,5552,6304
2025-10-27,P1,NE,11148,12837
2025-10-27,P1,N,2779,1393
2025-10-27,P2,SE,15553,16014
2025-10-27,P2,S,6926,6692
2025-10-27,P2,CO,3470,3204
2025-10-27,P2,NE,6968,7338
2025-10-27,P2,N,1737,936
2025-10-27,P3,SE,4147,4227
2025-10-27,P3,S,1847,1761
2025-10-27,P3,CO,925,915
2025-10-27,P3,NE,1858,2160
2025-10-27,P3,N,463,117
2025-10-27,P4,SE,13687,13392
2025-10-27,P4,S,6095,6462
2025-10-27,P4,CO,3054,3228
2025-10-27,P4,NE,6132,6549
2025-10-27,P4,N,1528,1008
2025-10-27,P5,SE,2592,3407
2025-10-27,P5,S,1154,840
2025-10-27,P5,CO,578,1173
2025-10-27,P5,NE,1161,2025
2025-10-27,P5,N,289,24
2025-11-03,P1,SE,28618,28467
2025-11-03,P1,S,12770,13072
2025-11-03,P1,CO,6410,6322
2025-11-03,P1,NE,12923,13971
2025-11-03,P1,N,3212,1411
2025-11-03,P2,SE,17108,17832
2025-11-03,P2,S,7634,7498
2025-11-03,P2,CO,3832,4252
2025-11-03,P2,NE,7726,7586
2025-11-03,P2,N,1920,930
2025-11-03,P3,SE,4977,4020
2025-11-03,P3,S,2221,2259
2025-11-03,P3,CO,1115,927
2025-11-03,P3,NE,2248,2190
2025-11-03,P3,N,559,510
2025-11-03,P4,SE,18664,18621
2025-11-03,P4,S,8328,7023
2025-11-03,P4,CO,4181,4020
2025-11-03,P4,NE,8428,6837
2025-11-03,P4,N,2095,1014
2025-11-03,P5,SE,2592,2841
2025-11-03,P5,S,1157,1519
2025-11-03,P5,CO,581,173
2025-11-03,P5,NE,1171,1525
2025-11-03,P5,N,291,143
2025-11-10,P1,SE,28618,28714
2025-11-10,P1,S,12770,25867
2025-11-10,P1,CO,6410,6298
2025-11-10,P1,NE,12923,12849
2025-11-10,P1,N,3212,2298
2025-11-10,P2,SE,17108,18590
2025-11-10,P2,S,7634,7918
2025-11-10,P2,CO,3832,3660
2025-11-10,P2,NE,7726,7930
2025-11-10,P2,N,1920,1504
2025-11-10,P3,SE,4977,4842
2025-11-10,P3,S,2221,2484
2025-11-10,P3,CO,1115,1227
2025-11-10,P3,NE,2248,2148
2025-11-10,P3,N,559,129
2025-11-10,P4,SE,18664,18726
2025-11-10,P4,S,8328,9978
2025-11-10,P4,CO,4181,4026
2025-11-10,P4,NE,8428,8151
2025-11-10,P4,N,2095,1212
2025-11-10,P5,SE,2592,2377
2025-11-10,P5,S,1157,1328
2025-11-10,P5,CO,581,36
2025-11-10,P5,NE,1171,185
2025-11-10,P5,N,291,36
2025-11-17,P1,SE,23123,23822
2025-11-17,P1,S,10318,20323
2025-11-17,P1,CO,5180,4669
2025-11-17,P1,NE,10442,12101
2025-11-17,P1,N,2595,1399
2025-11-17,P2,SE,13824,12916
2025-11-17,P2,S,6168,6260
2025-11-17,P2,CO,3097,3648
2025-11-17,P2,NE,6242,6728
2025-11-17,P2,N,1551,794
2025-11-17,P3,SE,4021,4332
2025-11-17,P3,S,1794,1755
2025-11-17,P3,CO,901,846
2025-11-17,P3,NE,1816,1755
2025-11-17,P3,N,451,417
2025-11-17,P4,SE,15080,17319
2025-11-17,P4,S,6729,7851
2025-11-17,P4,CO,3378,3615
2025-11-17,P4,NE,6810,6063
2025-11-17,P4,N,1692,1119
2025-11-17,P5,SE,2094,1531
2025-11-17,P5,S,935,346
2025-11-17,P5,CO,469,1173
2025-11-17,P5,NE,946,1358
2025-11-17,P5,N,235,643
2025-11-24,P1,SE,28618,25891
2025-11-24,P1,S,12770,13760
2025-11-24,P1,CO,6410,6515
2025-11-24,P1,NE,12923,13790
2025-11-24,P1,N,3212,2117
2025-11-24,P2,SE,17108,18318
2025-11-24,P2,S,7634,8492
2025-11-24,P2,CO,3832,3832
2025-11-24,P2,NE,7726,7918
2025-11-24,P2,N,1920,1060
2025-11-24,P3,SE,4977,5172
2025-11-24,P3,S,2221,2259
2025-11-24,P3,CO,1115,921
2025-11-24,P3,NE,2248,2577
2025-11-24,P3,N,559,210
2025-11-24,P4,SE,18664,22653
2025-11-24,P4,S,8328,8457
2025-11-24,P4,CO,4181,3327
2025-11-24,P4,NE,8428,10164
2025-11-24,P4,N,2095,1611
2025-11-24,P5,SE,2592,2841
2025-11-24,P5,S,1157,1197
2025-11-24,P5,CO,581,179
2025-11-24,P5,NE,1171,1340
2025-11-24,P5,N,291,30
2025-12-01,P1,SE,31106,34970
2025-12-01,P1,S,13908,14502
2025-12-01,P1,CO,6996,7462
2025-12-01,P1,NE,14159,14701
2025-12-01,P1,N,3508,1640
2025-12-01,P2,SE,18664,18708
2025-12-01,P2,S,8345,8712
2025-12-01,P2,CO,4197,4270
2025-12-01,P2,NE,8496,8664
2025-12-01,P2,N,2105,954
2025-12-01,P3,SE,5599,5652
2025-12-01,P3,S,2503,2166
2025-12-01,P3,CO,1259,1332
2025-12-01,P3,NE,2549,2259
2025-12-01,P3,N,631,516
2025-12-01,P4,SE,16175,15498
2025-12-01,P4,S,7232,7254
2025-12-01,P4,CO,3638,3714
2025-12-01,P4,NE,7363,7635
2025-12-01,P4,N,1824,915
2025-12-01,P5,SE,2592,2198
2025-12-01,P5,S,1159,840
2025-12-01,P5,CO,583,673
2025-12-01,P5,NE,1180,1519
2025-12-01,P5,N,292,143
2025-12-08,P1,SE,31106,28708
2025-12-08,P1,S,13908,14906
2025-12-08,P1,CO,6996,6521
2025-12-08,P1,NE,14159,15847
2025-12-08,P1,N,3508,2316
2025-12-08,P2,SE,18664,19200
2025-12-08,P2,S,8345,7456
2025-12-08,P2,CO,4197,4276
2025-12-08,P2,NE,8496,7462
2025-12-08,P2,N,2105,1522
2025-12-08,P3,SE,5599,4848
2025-12-08,P3,S,2503,2871
2025-12-08,P3,CO,1259,1251
2025-12-08,P3,NE,2549,2184
2025-12-08,P3,N,631,510
2025-12-08,P4,SE,16175,19431
2025-12-08,P4,S,7232,6936
2025-12-08,P4,CO,3638,3645
2025-12-08,P4,NE,7363,7254
2025-12-08,P4,N,1824,714
2025-12-08,P5,SE,2592,2859
2025-12-08,P5,S,1159,1346
2025-12-08,P5,CO,583,673
2025-12-08,P5,NE,1180,858
2025-12-08,P5,N,292,30
2025-12-15,P1,SE,31106,31272
2025-12-15,P1,S,13908,13784
2025-12-15,P1,CO,6996,7981
2025-12-15,P1,NE,14159,14484
2025-12-15,P1,N,3508,2129
2025-12-15,P2,SE,18664,23956
2025-12-15,P2,S,8345,9760
2025-12-15,P2,CO,4197,4252
2025-12-15,P2,NE,8496,7468
2025-12-15,P2,N,2105,954
2025-12-15,P3,SE,5599,5583
2025-12-15,P3,S,2503,2283
2025-12-15,P3,CO,1259,933
2025-12-15,P3,NE,2549,2253
2025-12-15,P3,N,631,141
2025-12-15,P4,SE,16175,18621
2025-12-15,P4,S,7232,6456
2025-12-15,P4,CO,3638,4008
2025-12-15,P4,NE,7363,7839
2025-12-15,P4,N,1824,1113
2025-12-15,P5,SE,2592,2395
2025-12-15,P5,S,1159,852
2025-12-15,P5,CO,583,167
2025-12-15,P5,NE,1180,1495
2025-12-15,P5,N,292,155
2025-12-22,P1,SE,25134,25650
2025-12-22,P1,S,11238,12813
2025-12-22,P1,CO,5653,4880
2025-12-22,P1,NE,11441,10973
2025-12-22,P1,N,2835,1399
2025-12-22,P2,SE,15080,19016
2025-12-22,P2,S,6743,6230
2025-12-22,P2,CO,3392,3210
2025-12-22,P2,NE,6864,7302
2025-12-22,P2,N,1701,1060
2025-12-22,P3,SE,4524,4437
2025-12-22,P3,S,2023,2178
2025-12-22,P3,CO,1017,1227
2025-12-22,P3,NE,2059,1968
2025-12-22,P3,N,510,510
2025-12-22,P4,SE,13069,11784
2025-12-22,P4,S,5844,7254
2025-12-22,P4,CO,2939,3228
2025-12-22,P4,NE,5949,7266
2025-12-22,P4,N,1474,1008
2025-12-22,P5,SE,2094,2853
2025-12-22,P5,S,936,858
2025-12-22,P5,CO,471,673
2025-12-22,P5,NE,953,1328
2025-12-22,P5,N,236,24
2025-12-29,P1,SE,23914,21958
2025-12-29,P1,S,10695,9555
2025-12-29,P1,CO,5381,5574
2025-12-29,P1,NE,10897,10255
2025-12-29,P1,N,2699,1393
2025-12-29,P2,SE,14471,13574
2025-12-29,P2,S,6472,6580
2025-12-29,P2,CO,3256,3648
2025-12-29,P2,NE,6594,6260
2025-12-29,P2,N,1633,1362
2025-12-29,P3,SE,4234,3798
2025-12-29,P3,S,1893,2049
2025-12-29,P3,CO,953,921
2025-12-29,P3,NE,1929,1455
2025-12-29,P3,N,478,117
2025-12-29,P4,SE,11328,11772
2025-12-29,P4,S,5065,4425
2025-12-29,P4,CO,2548,2019
2025-12-29,P4,NE,5158,5628
2025-12-29,P4,N,1278,921
2025-12-29,P5,SE,2094,2210
2025-12-29,P5,S,937,1322
2025-12-29,P5,CO,471,667
2025-12-29,P5,NE,955,882
2025-12-29,P5,N,236,643
2026-01-05,P1,SE,22396,24021
2026-01-05,P1,S,10034,10750
2026-01-05,P1,CO,5057,5393
2026-01-05,P1,NE,10276,9320
2026-01-05,P1,N,2539,1369
2026-01-05,P2,SE,14309,14924
2026-01-05,P2,S,6410,6236
2026-01-05,P2,CO,3231,3050
2026-01-05,P2,NE,6565,8066
2026-01-05,P2,N,1622,936
2026-01-05,P3,SE,3525,3405
2026-01-05,P3,S,1579,1437
2026-01-05,P3,CO,796,828
2026-01-05,P3,NE,1618,2049
2026-01-05,P3,N,400,117
2026-01-05,P4,SE,3733,2835
2026-01-05,P4,S,1672,1308
2026-01-05,P4,CO,843,891
2026-01-05,P4,NE,1713,1620
2026-01-05,P4,N,423,186
2026-01-05,P5,SE,2592,2192
2026-01-05,P5,S,1161,1358
2026-01-05,P5,CO,585,661
2026-01-05,P5,NE,1189,1352
2026-01-05,P5,N,294,30
2026-01-12,P1,SE,22396,21240
2026-01-12,P1,S,10034,10068
2026-01-12,P1,CO,5057,5387
2026-01-12,P1,NE,10276,11709
2026-01-12,P1,N,2539,1200
2026-01-12,P2,SE,14309,14042
2026-01-12,P2,S,6410,6384
2026-01-12,P2,CO,3231,2600
2026-01-12,P2,NE,6565,6094
2026-01-12,P2,N,1622,794
2026-01-12,P3,SE,3525,3198
2026-01-12,P3,S,1579,1668
2026-01-12,P3,CO,796,828
2026-01-12,P3,NE,1618,1854
2026-01-12,P3,N,400,498
2026-01-12,P4,SE,3733,3714
2026-01-12,P4,S,1672,2007
2026-01-12,P4,CO,843,1110
2026-01-12,P4,NE,1713,1614
2026-01-12,P4,N,423,405
2026-01-12,P5,SE,2592,3538
2026-01-12,P5,S,1161,834
2026-01-12,P5,CO,585,209
2026-01-12,P5,NE,1189,1346
2026-01-12,P5,N,294,155
2026-01-19,P1,SE,22396,22905
2026-01-19,P1,S,10034,10955
2026-01-19,P1,CO,5057,4868
2026-01-19,P1,NE,10276,12107
2026-01-19,P1,N,2539,2075
2026-01-19,P2,SE,14309,31388
2026-01-19,P2,S,6410,7184
2026-01-19,P2,CO,3231,4086
2026-01-19,P2,NE,6565,7332
2026-01-19,P2,N,1622,906
2026-01-19,P3,SE,3525,3498
2026-01-19,P3,S,1579,1437
2026-01-19,P3,CO,796,528
2026-01-19,P3,NE,1618,1350
2026-01-19,P3,N,400,117
2026-01-19,P4,SE,3733,3621
2026-01-19,P4,S,1672,1614
2026-01-19,P4,CO,843,810
2026-01-19,P4,NE,1713,2100
2026-01-19,P4,N,423,105
2026-01-19,P5,SE,2592,2377
2026-01-19,P5,S,1161,703
2026-01-19,P5,CO,585,1167
2026-01-19,P5,NE,1189,334
2026-01-19,P5,N,294,155
2026-01-26,P1,SE,22396,21439
2026-01-26,P1,S,10034,9531
2026-01-26,P1,CO,5057,6087
2026-01-26,P1,NE,10276,9314
2026-01-26,P1,N,2539,1200
2026-01-26,P2,SE,14309,32880
2026-01-26,P2,S,6410,6230
2026-01-26,P2,CO,3231,3068
2026-01-26,P2,NE,6565,6698
2026-01-26,P2,N,1622,930
2026-01-26,P3,SE,3525,4221
2026-01-26,P3,S,1579,2049
2026-01-26,P3,CO,796,822
2026-01-26,P3,NE,1618,2031
2026-01-26,P3,N,400,417
2026-01-26,P4,SE,3733,4032
2026-01-26,P4,S,1672,1707
2026-01-26,P4,CO,843,798
2026-01-26,P4,NE,1713,1914
2026-01-26,P4,N,423,111
2026-01-26,P5,SE,2592,2859
2026-01-26,P5,S,1161,840
2026-01-26,P5,CO,585,179
2026-01-26,P5,NE,1189,1340
2026-01-26,P5,N,294,18
2026-02-02,P1,SE,22894,23816
2026-02-02,P1,S,10277,10955
2026-02-02,P1,CO,5190,4910
2026-02-02,P1,NE,10589,9133
2026-02-02,P1,N,2608,1393
2026-02-02,P2,SE,14620,14776
2026-02-02,P2,S,6563,6266
2026-02-02,P2,CO,3314,3204
2026-02-02,P2,NE,6762,7474
2026-02-02,P2,N,1665,924
2026-02-02,P3,SE,3650,4020
2026-02-02,P3,S,1638,1356
2026-02-02,P3,CO,827,909
2026-02-02,P3,NE,1688,1773
2026-02-02,P3,N,416,111
2026-02-02,P4,SE,2800,2823
2026-02-02,P4,S,1257,1203
2026-02-02,P4,CO,635,423
2026-02-02,P4,NE,1295,915
2026-02-02,P4,N,319,399
2026-02-02,P5,SE,2592,1698
2026-02-02,P5,S,1164,1340
2026-02-02,P5,CO,588,161
2026-02-02,P5,NE,1199,1370
2026-02-02,P5,N,295,155
2026-02-09,P1,SE,22894,22175
2026-02-09,P1,S,10277,10279
2026-02-09,P1,CO,5190,6250
2026-02-09,P1,NE,10589,11172
2026-02-09,P1,N,2608,1381
2026-02-09,P2,SE,14620,15244
2026-02-09,P2,S,6563,7320
2026-02-09,P2,CO,3314,3168
2026-02-09,P2,NE,6762,6846
2026-02-09,P2,N,1665,794
2026-02-09,P3,SE,3650,3423
2026-02-09,P3,S,1638,1737
2026-02-09,P3,CO,827,1140
2026-02-09,P3,NE,1688,1431
2026-02-09,P3,N,416,111
2026-02-09,P4,SE,2800,2412
2026-02-09,P4,S,1257,1209
2026-02-09,P4,CO,635,804
2026-02-09,P4,NE,1295,1209
2026-02-09,P4,N,319,99
2026-02-09,P5,SE,2592,2180
2026-02-09,P5,S,1164,1358
2026-02-09,P5,CO,588,1328
2026-02-09,P5,NE,1199,1507
2026-02-09,P5,N,295,524
2026-02-16,P1,SE,12363,12590
2026-02-16,P1,S,5550,5399
2026-02-16,P1,CO,2803,1924
2026-02-16,P1,NE,5718,6316
2026-02-16,P1,N,1408,947
2026-02-16,P2,SE,7895,8546
2026-02-16,P2,S,3544,4234
2026-02-16,P2,CO,1790,1836
2026-02-16,P2,NE,3651,3044
2026-02-16,P2,N,899,746
2026-02-16,P3,SE,1971,1737
2026-02-16,P3,S,885,828
2026-02-16,P3,CO,447,198
2026-02-16,P3,NE,912,1152
2026-02-16,P3,N,225,399
2026-02-16,P4,SE,1512,1209
2026-02-16,P4,S,679,816
2026-02-16,P4,CO,343,93
2026-02-16,P4,NE,699,792
2026-02-16,P4,N,172,12
2026-02-16,P5,SE,1400,1370
2026-02-16,P5,S,628,197
2026-02-16,P5,CO,317,173
2026-02-16,P5,NE,647,679
2026-02-16,P5,N,159,12
2026-02-23,P1,SE,22894,25903
2026-02-23,P1,S,10277,10002
2026-02-23,P1,CO,5190,5562
2026-02-23,P1,NE,10589,10243
2026-02-23,P1,N,2608,1375
2026-02-23,P2,SE,14620,13574
2026-02-23,P2,S,6563,6272
2026-02-23,P2,CO,3314,3642
2026-02-23,P2,NE,6762,6734
2026-02-23,P2,N,1665,936
2026-02-23,P3,SE,3650,3522
2026-02-23,P3,S,1638,1350
2026-02-23,P3,CO,827,834
2026-02-23,P3,NE,1688,1842
2026-02-23,P3,N,416,117
2026-02-23,P4,SE,2800,2817
2026-02-23,P4,S,1257,1515
2026-02-23,P4,CO,635,798
2026-02-23,P4,NE,1295,1221
2026-02-23,P4,N,319,393
2026-02-23,P5,SE,2592,3032
2026-02-23,P5,S,1164,1346
2026-02-23,P5,CO,588,679
2026-02-23,P5,NE,1199,852
2026-02-23,P5,N,295,149
2026-03-02,P1,SE,24885,24968
2026-03-02,P1,S,11193,11003
2026-03-02,P1,CO,5664,5586
2026-03-02,P1,NE,11602,10780
2026-03-02,P1,N,2849,1399
2026-03-02,P2,SE,15553,16748
2026-03-02,P2,S,6996,8658
2026-03-02,P2,CO,3540,3068
2026-03-02,P2,NE,7251,7912
2026-03-02,P2,N,1781,912
2026-03-02,P3,SE,4147,5235
2026-03-02,P3,S,1866,2154
2026-03-02,P3,CO,944,1134
2026-03-02,P3,NE,1934,2049
2026-03-02,P3,N,475,123
2026-03-02,P4,SE,3111,2424
2026-03-02,P4,S,1399,1308
2026-03-02,P4,CO,708,804
2026-03-02,P4,NE,1450,1608
2026-03-02,P4,N,356,99
2026-03-02,P5,SE,2592,2198
2026-03-02,P5,S,1166,1513
2026-03-02,P5,CO,590,667
2026-03-02,P5,NE,1208,858
2026-03-02,P5,N,297,24
2026-03-09,P1,SE,24885,25861
2026-03-09,P1,S,11193,11202
2026-03-09,P1,CO,5664,6304
2026-03-09,P1,NE,11602,9525
2026-03-09,P1,N,2849,1212
2026-03-09,P2,SE,15553,14752
2026-03-09,P2,S,6996,7314
2026-03-09,P2,CO,3540,3660
2026-03-09,P2,NE,7251,10672
2026-03-09,P2,N,1781,930
2026-03-09,P3,SE,4147,4350
2026-03-09,P3,S,1866,2067
2026-03-09,P3,CO,944,921
2026-03-09,P3,NE,1934,1467
2026-03-09,P3,N,475,504
2026-03-09,P4,SE,3111,2829
2026-03-09,P4,S,1399,1503
2026-03-09,P4,CO,708,723
2026-03-09,P4,NE,1450,1602
2026-03-09,P4,N,356,405
2026-03-09,P5,SE,2592,2889
2026-03-09,P5,S,1166,852
2026-03-09,P5,CO,590,679
2026-03-09,P5,NE,1208,1352
2026-03-09,P5,N,297,155
2026-03-16,P1,SE,24885,24745
2026-03-16,P1,S,11193,11154
2026-03-16,P1,CO,5664,4699
2026-03-16,P1,NE,11602,12614
2026-03-16,P1,N,2849,2093
2026-03-16,P2,SE,15553,15404
2026-03-16,P2,S,6996,6284
2026-03-16,P2,CO,3540,3802
2026-03-16,P2,NE,7251,10506
2026-03-16,P2,N,1781,930
2026-03-16,P3,SE,4147,4215
2026-03-16,P3,S,1866,1443
2026-03-16,P3,CO,944,528
2026-03-16,P3,NE,1934,2484
2026-03-16,P3,N,475,117
2026-03-16,P4,SE,3111,3321
2026-03-16,P4,S,1399,1296
2026-03-16,P4,CO,708,492
2026-03-16,P4,NE,1450,1227
2026-03-16,P4,N,356,93
2026-03-16,P5,SE,2592,2877
2026-03-16,P5,S,1166,1334
2026-03-16,P5,CO,590,167
2026-03-16,P5,NE,1208,1346
2026-03-16,P5,N,297,18
2026-03-23,P1,SE,24885,25891
2026-03-23,P1,S,11193,11196
2026-03-23,P1,CO,5664,6304
2026-03-23,P1,NE,11602,10261
2026-03-23,P1,N,2849,1399
2026-03-23,P2,SE,15553,13580
2026-03-23,P2,S,6996,7296
2026-03-23,P2,CO,3540,3666
2026-03-23,P2,NE,7251,8380
2026-03-23,P2,N,1781,1404
2026-03-23,P3,SE,4147,3627
2026-03-23,P3,S,1866,2160
2026-03-23,P3,CO,944,828
2026-03-23,P3,NE,1934,1725
2026-03-23,P3,N,475,423
2026-03-23,P4,SE,3111,3204
2026-03-23,P4,S,1399,1221
2026-03-23,P4,CO,708,798
2026-03-23,P4,NE,1450,1596
2026-03-23,P4,N,356,99
2026-03-23,P5,SE,2592,3520
2026-03-23,P5,S,1166,1346
2026-03-23,P5,CO,590,673
2026-03-23,P5,NE,1208,852
2026-03-23,P5,N,297,655
2026-03-30,P1,SE,21401,20323
2026-03-30,P1,S,9635,10750
2026-03-30,P1,CO,4880,4669
2026-03-30,P1,NE,10014,10050
2026-03-30,P1,N,2456,1369
2026-03-30,P2,SE,13376,14782
2026-03-30,P2,S,6022,6260
2026-03-30,P2,CO,3050,2446
2026-03-30,P2,NE,6259,5034
2026-03-30,P2,N,1535,912
2026-03-30,P3,SE,3567,3903
2026-03-30,P3,S,1606,1743
2026-03-30,P3,CO,813,822
2026-03-30,P3,NE,1669,1350
2026-03-30,P3,N,409,111
2026-03-30,P4,SE,3919,3639
2026-03-30,P4,S,1765,2025
2026-03-30,P4,CO,894,723
2026-03-30,P4,NE,1837,2031
2026-03-30,P4,N,450,324
2026-03-30,P5,SE,2229,1513
2026-03-30,P5,S,1004,1007
2026-03-30,P5,CO,508,530
2026-03-30,P5,NE,1043,1334
2026-03-30,P5,N,256,18
2026-04-06,P1,SE,24885,25897
2026-04-06,P1,S,11216,11208
2026-04-06,P1,CO,5687,6304
2026-04-06,P1,NE,11694,12837
2026-04-06,P1,N,2863,1206
2026-04-06,P2,SE,15553,16748
2026-04-06,P2,S,7010,6076
2026-04-06,P2,CO,3554,4252
2026-04-06,P2,NE,7309,6710
2026-04-06,P2,N,1790,930
2026-04-06,P3,SE,4147,4221
2026-04-06,P3,S,1869,1368
2026-04-06,P3,CO,948,927
2026-04-06,P3,NE,1949,1755
2026-04-06,P3,N,477,498
2026-04-06,P4,SE,6221,6033
2026-04-06,P4,S,2804,2892
2026-04-06,P4,CO,1422,1695
2026-04-06,P4,NE,2924,3216
2026-04-06,P4,N,716,585
2026-04-06,P5,SE,2592,2210
2026-04-06,P5,S,1168,1346
2026-04-06,P5,CO,592,310
2026-04-06,P5,NE,1218,852
2026-04-06,P5,N,298,143
2026-04-13,P1,SE,24885,26579
2026-04-13,P1,S,11216,11896
2026-04-13,P1,CO,5687,4886
2026-04-13,P1,NE,11694,11220
2026-04-13,P1,N,2863,2286
2026-04-13,P2,SE,15553,19064
2026-04-13,P2,S,7010,7326
2026-04-13,P2,CO,3554,3204
2026-04-13,P2,NE,7309,7462
2026-04-13,P2,N,1790,924
2026-04-13,P3,SE,4147,3621
2026-04-13,P3,S,1869,2160
2026-04-13,P3,CO,948,1227
2026-04-13,P3,NE,1949,2055
2026-04-13,P3,N,477,117
2026-04-13,P4,SE,6221,6642
2026-04-13,P4,S,2804,2823
2026-04-13,P4,CO,1422,1227
2026-04-13,P4,NE,2924,2499
2026-04-13,P4,N,716,123
2026-04-13,P5,SE,2592,3741
2026-04-13,P5,S,1168,852
2026-04-13,P5,CO,592,1173
2026-04-13,P5,NE,1218,840
2026-04-13,P5,N,298,36
2026-04-20,P1,SE,19311,18435
2026-04-20,P1,S,8703,7492
2026-04-20,P1,CO,4413,4645
2026-04-20,P1,NE,9075,9996
2026-04-20,P1,N,2222,1176
2026-04-20,P2,SE,12069,12342
2026-04-20,P2,S,5440,5632
2026-04-20,P2,CO,2758,4122
2026-04-20,P2,NE,5672,5632
2026-04-20,P2,N,1389,776
2026-04-20,P3,SE,3218,3822
2026-04-20,P3,S,1451,1650
2026-04-20,P3,CO,735,522
2026-04-20,P3,NE,1512,1443
2026-04-20,P3,N,370,111
2026-04-20,P4,SE,4828,5634
2026-04-20,P4,S,2176,2025
2026-04-20,P4,CO,1103,1203
2026-04-20,P4,NE,2269,2019
2026-04-20,P4,N,555,492
2026-04-20,P5,SE,2012,2335
2026-04-20,P5,S,907,2019
2026-04-20,P5,CO,460,36
2026-04-20,P5,NE,945,1519
2026-04-20,P5,N,231,143
2026-04-27,P1,SE,21401,21234
2026-04-27,P1,S,9645,10919
2026-04-27,P1,CO,4891,4446
2026-04-27,P1,NE,10057,7685
2026-04-27,P1,N,2462,1200
2026-04-27,P2,SE,13376,12946
2026-04-27,P2,S,6028,6076
2026-04-27,P2,CO,3057,5010
2026-04-27,P2,NE,6286,7302
2026-04-27,P2,N,1539,900
2026-04-27,P3,SE,3567,3915
2026-04-27,P3,S,1608,1743
2026-04-27,P3,CO,815,915
2026-04-27,P3,NE,1676,1638
2026-04-27,P3,N,410,411
2026-04-27,P4,SE,5350,5247
2026-04-27,P4,S,2411,2412
2026-04-27,P4,CO,1223,897
2026-04-27,P4,NE,2514,2430
2026-04-27,P4,N,616,117
2026-04-27,P5,SE,2229,3711
2026-04-27,P5,S,1005,197
2026-04-27,P5,CO,509,173
2026-04-27,P5,NE,1048,1346
2026-04-27,P5,N,256,24
2026-05-04,P1,SE,24885,25686
2026-05-04,P1,S,11238,10279
2026-05-04,P1,CO,5709,5586
2026-05-04,P1,NE,11788,12614
2026-05-04,P1,N,2878,1381
2026-05-04,P2,SE,15553,15386
2026-05-04,P2,S,7024,6118
2026-05-04,P2,CO,3568,4418
2026-05-04,P2,NE,7367,7450
2026-05-04,P2,N,1798,936
2026-05-04,P3,SE,4147,4731
2026-05-04,P3,S,1873,2166
2026-05-04,P3,CO,952,846
2026-05-04,P3,NE,1965,1785
2026-05-04,P3,N,480,123
2026-05-04,P4,SE,6221,6045
2026-05-04,P4,S,2810,2823
2026-05-04,P4,CO,1427,1521
2026-05-04,P4,NE,2947,3210
2026-05-04,P4,N,719,492
2026-05-04,P5,SE,2592,3395
2026-05-04,P5,S,1171,2025
2026-05-04,P5,CO,595,667
2026-05-04,P5,NE,1228,2025
2026-05-04,P5,N,300,149
2026-05-11,P1,SE,24885,21234
2026-05-11,P1,S,11238,11697
2026-05-11,P1,CO,5709,5393
2026-05-11,P1,NE,11788,11009
2026-05-11,P1,N,2878,1375
2026-05-11,P2,SE,15553,14782
2026-05-11,P2,S,7024,7610
2026-05-11,P2,CO,3568,3660
2026-05-11,P2,NE,7367,7474
2026-05-11,P2,N,1798,1522
2026-05-11,P3,SE,4147,4842
2026-05-11,P3,S,1873,1743
2026-05-11,P3,CO,952,909
2026-05-11,P3,NE,1965,2547
2026-05-11,P3,N,480,498
2026-05-11,P4,SE,6221,6432
2026-05-11,P4,S,2810,2823
2026-05-11,P4,CO,1427,1296
2026-05-11,P4,NE,2947,2928
2026-05-11,P4,N,719,423
2026-05-11,P5,SE,2592,3038
2026-05-11,P5,S,1171,1501
2026-05-11,P5,CO,595,673
2026-05-11,P5,NE,1228,1513
2026-05-11,P5,N,300,524
2026-05-18,P1,SE,24885,23816
2026-05-18,P1,S,11238,11190
2026-05-18,P1,CO,5709,5598
2026-05-18,P1,NE,11788,11389
2026-05-18,P1,N,2878,2105
2026-05-18,P2,SE,15553,15380
2026-05-18,P2,S,7024,7314
2026-05-18,P2,CO,3568,3684
2026-05-18,P2,NE,7367,7332
2026-05-18,P2,N,1798,948
2026-05-18,P3,SE,4147,4344
2026-05-18,P3,S,1873,1761
2026-05-18,P3,CO,952,1233
2026-05-18,P3,NE,1965,1461
2026-05-18,P3,N,480,111
2026-05-18,P4,SE,6221,6537
2026-05-18,P4,S,2810,2406
2026-05-18,P4,CO,1427,1608
2026-05-18,P4,NE,2947,2412
2026-05-18,P4,N,719,192
2026-05-18,P5,SE,2592,2204
2026-05-18,P5,S,1171,1531
2026-05-18,P5,CO,595,679
2026-05-18,P5,NE,1228,340
2026-05-18,P5,N,300,149
2026-05-25,P1,SE,24885,26585
2026-05-25,P1,S,11238,12837
2026-05-25,P1,CO,5709,6491
2026-05-25,P1,NE,11788,12590
2026-05-25,P1,N,2878,1417
2026-05-25,P2,SE,15553,16748
2026-05-25,P2,S,7024,7314
2026-05-25,P2,CO,3568,3180
2026-05-25,P2,NE,7367,7456
2026-05-25,P2,N,1798,924
2026-05-25,P3,SE,4147,3804
2026-05-25,P3,S,1873,1767
2026-05-25,P3,CO,952,933
2026-05-25,P3,NE,1965,2061
2026-05-25,P3,N,480,117
2026-05-25,P4,SE,6221,5253
2026-05-25,P4,S,2810,2922
2026-05-25,P4,CO,1427,1608
2026-05-25,P4,NE,2947,3210
2026-05-25,P4,N,719,504
2026-05-25,P5,SE,2592,3062
2026-05-25,P5,S,1171,691
2026-05-25,P5,CO,595,167
2026-05-25,P5,NE,1228,1209
2026-05-25,P5,N,300,30
2026-06-01,P1,SE,20107,18658
2026-06-01,P1,S,9099,10231
2026-06-01,P1,CO,4632,4482
2026-06-01,P1,NE,9601,11015
2026-06-01,P1,N,2337,1393
2026-06-01,P2,SE,12567,11122
2026-06-01,P2,S,5687,5170
2026-06-01,P2,CO,2895,3050
2026-06-01,P2,NE,6001,7166
2026-06-01,P2,N,1460,776
2026-06-01,P3,SE,3351,3186
2026-06-01,P3,S,1516,1644
2026-06-01,P3,CO,772,1128
2026-06-01,P3,NE,1600,1338
2026-06-01,P3,N,389,411
2026-06-01,P4,SE,5027,5721
2026-06-01,P4,S,2275,2412
2026-06-01,P4,CO,1158,1122
2026-06-01,P4,NE,2400,1632
2026-06-01,P4,N,584,504
2026-06-01,P5,SE,2094,2162
2026-06-01,P5,S,948,846
2026-06-01,P5,CO,482,673
2026-06-01,P5,NE,1000,1477
2026-06-01,P5,N,243,155
2026-06-08,P1,SE,24885,24015
2026-06-08,P1,S,11261,10973
2026-06-08,P1,CO,5732,4856
2026-06-08,P1,NE,11882,13253
2026-06-08,P1,N,2892,2111
2026-06-08,P2,SE,15553,16470
2026-06-08,P2,S,7038,7172
2026-06-08,P2,CO,3583,4264
2026-06-08,P2,NE,7426,7622
2026-06-08,P2,N,1807,912
2026-06-08,P3,SE,4147,4233
2026-06-08,P3,S,1877,2154
2026-06-08,P3,CO,955,921
2026-06-08,P3,NE,1980,1773
2026-06-08,P3,N,482,123
2026-06-08,P4,SE,6221,9783
2026-06-08,P4,S,2815,2823
2026-06-08,P4,CO,1433,1302
2026-06-08,P4,NE,2971,2817
2026-06-08,P4,N,723,498
2026-06-08,P5,SE,2592,2210
2026-06-08,P5,S,1173,1483
2026-06-08,P5,CO,597,673
2026-06-08,P5,NE,1238,876
2026-06-08,P5,N,301,155
2026-06-15,P1,SE,24885,28473
2026-06-15,P1,S,11261,11220
2026-06-15,P1,CO,5732,6322
2026-06-15,P1,NE,11882,13573
2026-06-15,P1,N,2892,1399
2026-06-15,P2,SE,15553,18590
2026-06-15,P2,S,7038,7326
2026-06-15,P2,CO,3583,3648
2026-06-15,P2,NE,7426,6716
2026-06-15,P2,N,1807,936
2026-06-15,P3,SE,4147,3597
2026-06-15,P3,S,1877,1431
2026-06-15,P3,CO,955,552
2026-06-15,P3,NE,1980,2241
2026-06-15,P3,N,482,504
2026-06-15,P4,SE,6221,11355
2026-06-15,P4,S,2815,2019
2026-06-15,P4,CO,1433,1626
2026-06-15,P4,NE,2971,2811
2026-06-15,P4,N,723,510
2026-06-15,P5,SE,2592,2168
2026-06-15,P5,S,1173,1352
2026-06-15,P5,CO,597,191
2026-06-15,P5,NE,1238,1316
2026-06-15,P5,N,301,524
2026-06-22,P1,SE,24885,24033
2026-06-22,P1,S,11261,13555
2026-06-22,P1,CO,5732,5592
2026-06-22,P1,NE,11882,11154
2026-06-22,P1,N,2892,1393
2026-06-22,P2,SE,15553,15398
2026-06-22,P2,S,7038,6372
2026-06-22,P2,CO,3583,3666
2026-06-22,P2,NE,7426,7456
2026-06-22,P2,N,1807,794
2026-06-22,P3,SE,4147,4338
2026-06-22,P3,S,1877,1662
2026-06-22,P3,CO,955,1233
2026-06-22,P3,NE,1980,2061
2026-06-22,P3,N,482,123
2026-06-22,P4,SE,6221,5652
2026-06-22,P4,S,2815,2823
2026-06-22,P4,CO,1433,1596
2026-06-22,P4,NE,2971,3633
2026-06-22,P4,N,723,504
2026-06-22,P5,SE,2592,2383
2026-06-22,P5,S,1173,709
2026-06-22,P5,CO,597,1173
2026-06-22,P5,NE,1238,1358
2026-06-22,P5,N,301,149
2026-06-29,P1,SE,24885,31272
2026-06-29,P1,S,11273,11184
2026-06-29,P1,CO,5745,5616
2026-06-29,P1,NE,9634,10092
2026-06-29,P1,N,2900,2081
2026-06-29,P2,SE,15553,15380
2026-06-29,P2,S,7045,6260
2026-06-29,P2,CO,3590,3198
2026-06-29,P2,NE,6021,6674
2026-06-29,P2,N,1812,918
2026-06-29,P3,SE,4147,3927
2026-06-29,P3,S,1879,1755
2026-06-29,P3,CO,957,915
2026-06-29,P3,NE,1606,1344
2026-06-29,P3,N,483,504
2026-06-29,P4,SE,6221,5235
2026-06-29,P4,S,2818,2805
2026-06-29,P4,CO,1436,1608
2026-06-29,P4,NE,2408,2898
2026-06-29,P4,N,725,210
2026-06-29,P5,SE,2592,2716
2026-06-29,P5,S,1174,1340
2026-06-29,P5,CO,598,173
2026-06-29,P5,NE,1004,352
2026-06-29,P5,N,302,24
2026-07-06,P1,SE,20107,20299
2026-07-06,P1,S,11283,11172
2026-07-06,P1,CO,5755,6286
2026-07-06,P1,NE,11977,11878
2026-07-06,P1,N,2906,1435
2026-07-06,P2,SE,12567,12318
2026-07-06,P2,S,7052,9002
2026-07-06,P2,CO,3597,3074
2026-07-06,P2,NE,7486,6870
2026-07-06,P2,N,1816,1392
2026-07-06,P3,SE,3351,4215
2026-07-06,P3,S,1881,1749
2026-07-06,P3,CO,959,933
2026-07-06,P3,NE,1996,1749
2026-07-06,P3,N,484,129
2026-07-06,P4,SE,5027,4824
2026-07-06,P4,S,2821,2934
2026-07-06,P4,CO,1439,1215
2026-07-06,P4,NE,2994,2736
2026-07-06,P4,N,727,498
2026-07-06,P5,SE,2094,2198
2026-07-06,P5,S,1175,346
2026-07-06,P5,CO,599,1334
2026-07-06,P5,NE,1248,1358
2026-07-06,P5,N,303,155
2026-07-13,P1,SE,24885,24769
2026-07-13,P1,S,11283,10973
2026-07-13,P1,CO,5755,5592
2026-07-13,P1,NE,11977,11914
2026-07-13,P1,N,2906,2111
2026-07-13,P2,SE,15553,13722
2026-07-13,P2,S,7052,6852
2026-07-13,P2,CO,3597,4246
2026-07-13,P2,NE,7486,6704
2026-07-13,P2,N,1816,924
2026-07-13,P3,SE,4147,3522
2026-07-13,P3,S,1881,2067
2026-07-13,P3,CO,959,1221
2026-07-13,P3,NE,1996,2166
2026-07-13,P3,N,484,504
2026-07-13,P4,SE,6221,6444
2026-07-13,P4,S,2821,2799
2026-07-13,P4,CO,1439,1308
2026-07-13,P4,NE,2994,2199
2026-07-13,P4,N,727,504
2026-07-13,P5,SE,2592,3008
2026-07-13,P5,S,1175,2013
2026-07-13,P5,CO,599,328
2026-07-13,P5,NE,1248,1358
2026-07-13,P5,N,303,24
2026-07-20,P1,SE,24885,24015
2026-07-20,P1,S,11283,11926
2026-07-20,P1,CO,5755,5622
2026-07-20,P1,NE,11977,11166
2026-07-20,P1,N,2906,1393
2026-07-20,P2,SE,15553,14640
2026-07-20,P2,S,7052,7450
2026-07-20,P2,CO,3597,3672
2026-07-20,P2,NE,7486,8084
2026-07-20,P2,N,1816,924
2026-07-20,P3,SE,4147,4818
2026-07-20,P3,S,1881,1431
2026-07-20,P3,CO,959,840
2026-07-20,P3,NE,1996,2061
2026-07-20,P3,N,484,117
2026-07-20,P4,SE,6221,7752
2026-07-20,P4,S,2821,2829
2026-07-20,P4,CO,1439,1509
2026-07-20,P4,NE,2994,3540
2026-07-20,P4,N,727,516
2026-07-20,P5,SE,2592,1704
2026-07-20,P5,S,1175,2180
2026-07-20,P5,CO,599,1173
2026-07-20,P5,NE,1248,852
2026-07-20,P5,N,303,155
2026-07-27,P1,SE,24885,26609
2026-07-27,P1,S,11283,10973
2026-07-27,P1,CO,5755,6298
2026-07-27,P1,NE,11977,10979
2026-07-27,P1,N,2906,1387
2026-07-27,P2,SE,15553,12336
2026-07-27,P2,S,7052,7320
2026-07-27,P2,CO,3597,3778
2026-07-27,P2,NE,7486,7332
2026-07-27,P2,N,1816,924
2026-07-27,P3,SE,4147,3921
2026-07-27,P3,S,1881,2196
2026-07-27,P3,CO,959,933
2026-07-27,P3,NE,1996,2160
2026-07-27,P3,N,484,129
2026-07-27,P4,SE,6221,7347
2026-07-27,P4,S,2821,2916
2026-07-27,P4,CO,1439,1209
2026-07-27,P4,NE,2994,2811
2026-07-27,P4,N,727,504
2026-07-27,P5,SE,2592,2859
2026-07-27,P5,S,1175,715
2026-07-27,P5,CO,599,840
2026-07-27,P5,NE,1248,1489
2026-07-27,P5,N,303,524
2026-08-03,P1,SE,24885,25897
2026-08-03,P1,S,11306,9531
2026-08-03,P1,CO,5778,6509
2026-08-03,P1,NE,12073,12825
2026-08-03,P1,N,2921,1405
2026-08-03,P2,SE,15553,13586
2026-08-03,P2,S,7066,6716
2026-08-03,P2,CO,3611,3666
2026-08-03,P2,NE,7546,6230
2026-08-03,P2,N,1826,930
2026-08-03,P3,SE,4147,4350
2026-08-03,P3,S,1884,2148
2026-08-03,P3,CO,963,828
2026-08-03,P3,NE,2012,1461
2026-08-03,P3,N,487,498
2026-08-03,P4,SE,6221,4443
2026-08-03,P4,S,2826,3216
2026-08-03,P4,CO,1445,1620
2026-08-03,P4,NE,3018,2505
2026-08-03,P4,N,730,492
2026-08-03,P5,SE,2592,3395
2026-08-03,P5,S,1178,1471
2026-08-03,P5,CO,602,691
2026-08-03,P5,NE,1258,1382
2026-08-03,P5,N,304,149
2026-08-10,P1,SE,24885,26597
2026-08-10,P1,S,11306,12608
2026-08-10,P1,CO,5778,5604
2026-08-10,P1,NE,12073,9555
2026-08-10,P1,N,2921,2093
2026-08-10,P2,SE,15553,15510
2026-08-10,P2,S,7066,7474
2026-08-10,P2,CO,3611,3062
2026-08-10,P2,NE,7546,8516
2026-08-10,P2,N,1826,1380
2026-08-10,P3,SE,4147,3903
2026-08-10,P3,S,1884,1737
2026-08-10,P3,CO,963,1221
2026-08-10,P3,NE,2012,2148
2026-08-10,P3,N,487,117
2026-08-10,P4,SE,6221,6126
2026-08-10,P4,S,2826,4830
2026-08-10,P4,CO,1445,1302
2026-08-10,P4,NE,3018,2823
2026-08-10,P4,N,730,123
2026-08-10,P5,SE,2592,1686
2026-08-10,P5,S,1178,221
2026-08-10,P5,CO,602,685
2026-08-10,P5,NE,1258,1328
2026-08-10,P5,N,304,24
2026-08-17,P1,SE,24885,25686
2026-08-17,P1,S,11306,10979
2026-08-17,P1,CO,5778,6304
2026-08-17,P1,NE,12073,12644
2026-08-17,P1,N,2921,1375
2026-08-17,P2,SE,15553,17074
2026-08-17,P2,S,7066,7308
2026-08-17,P2,CO,3611,3784
2026-08-17,P2,NE,7546,6278
2026-08-17,P2,N,1826,924
2026-08-17,P3,SE,4147,3933
2026-08-17,P3,S,1884,1356
2026-08-17,P3,CO,963,927
2026-08-17,P3,NE,2012,1767
2026-08-17,P3,N,487,423
2026-08-17,P4,SE,6221,6456
2026-08-17,P4,S,2826,3645
2026-08-17,P4,CO,1445,1197
2026-08-17,P4,NE,3018,2436
2026-08-17,P4,N,730,486
2026-08-17,P5,SE,2592,2222
2026-08-17,P5,S,1178,1501
2026-08-17,P5,CO,602,173
2026-08-17,P5,NE,1258,834
2026-08-17,P5,N,304,155
2026-08-24,P1,SE,24885,25668
2026-08-24,P1,S,11306,10243
2026-08-24,P1,CO,5778,5592
2026-08-24,P1,NE,12073,11154
2026-08-24,P1,N,2921,1399
2026-08-24,P2,SE,15553,14326
2026-08-24,P2,S,7066,6384
2026-08-24,P2,CO,3611,3524
2026-08-24,P2,NE,7546,8658
2026-08-24,P2,N,1826,1054
2026-08-24,P3,SE,4147,3909
2026-08-24,P3,S,1884,2148
2026-08-24,P3,CO,963,540
2026-08-24,P3,NE,2012,2154
2026-08-24,P3,N,487,117
2026-08-24,P4,SE,6221,5241
2026-08-24,P4,S,2826,2817
2026-08-24,P4,CO,1445,1521
2026-08-24,P4,NE,3018,3702
2026-08-24,P4,N,730,510
2026-08-24,P5,SE,2592,3532
2026-08-24,P5,S,1178,1364
2026-08-24,P5,CO,602,679
2026-08-24,P5,NE,1258,852
2026-08-24,P5,N,304,155
2026-08-31,P1,SE,24885,
2026-08-31,P1,S,11323,
2026-08-31,P1,CO,5796,
2026-08-31,P1,NE,12147,
2026-08-31,P1,N,2932,
2026-08-31,P2,SE,15553,
2026-08-31,P2,S,7077,
2026-08-31,P2,CO,3622,
2026-08-31,P2,NE,7592,
2026-08-31,P2,N,1833,
2026-08-31,P3,SE,4147,
2026-08-31,P3,S,1887,
2026-08-31,P3,CO,966,
2026-08-31,P3,NE,2024,
2026-08-31,P3,N,489,
2026-08-31,P4,SE,8122,
2026-08-31,P4,S,3696,
2026-08-31,P4,CO,1892,
2026-08-31,P4,NE,3966,
2026-08-31,P4,N,957,
2026-08-31,P5,SE,2592,
2026-08-31,P5,S,1179,
2026-08-31,P5,CO,604,
2026-08-31,P5,NE,1265,
2026-08-31,P5,N,305,
2026-09-07,P1,SE,19012,
2026-09-07,P1,S,8655,
2026-09-07,P1,CO,4432,
2026-09-07,P1,NE,9298,
2026-09-07,P1,N,2243,
2026-09-07,P2,SE,11882,
2026-09-07,P2,S,5409,
2026-09-07,P2,CO,2770,
2026-09-07,P2,NE,5811,
2026-09-07,P2,N,1402,
2026-09-07,P3,SE,3169,
2026-09-07,P3,S,1442,
2026-09-07,P3,CO,739,
2026-09-07,P3,NE,1550,
2026-09-07,P3,N,374,
2026-09-07,P4,SE,6654,
2026-09-07,P4,S,3029,
2026-09-07,P4,CO,1551,
2026-09-07,P4,NE,3254,
2026-09-07,P4,N,785,
2026-09-07,P5,SE,1980,
2026-09-07,P5,S,902,
2026-09-07,P5,CO,462,
2026-09-07,P5,NE,969,
2026-09-07,P5,N,234,
2026-09-14,P1,SE,24885,
2026-09-14,P1,S,11328,
2026-09-14,P1,CO,5801,
2026-09-14,P1,NE,12170,
2026-09-14,P1,N,2936,
2026-09-14,P2,SE,15553,
2026-09-14,P2,S,7080,
2026-09-14,P2,CO,3626,
2026-09-14,P2,NE,7606,
2026-09-14,P2,N,1835,
2026-09-14,P3,SE,4147,
2026-09-14,P3,S,1888,
2026-09-14,P3,CO,967,
2026-09-14,P3,NE,2028,
2026-09-14,P3,N,489,
2026-09-14,P4,SE,8710,
2026-09-14,P4,S,3965,
2026-09-14,P4,CO,2030,
2026-09-14,P4,NE,4259,
2026-09-14,P4,N,1027,
2026-09-14,P5,SE,2592,
2026-09-14,P5,S,1180,
2026-09-14,P5,CO,604,
2026-09-14,P5,NE,1268,
2026-09-14,P5,N,306,
2026-09-21,P1,SE,24885,
2026-09-21,P1,S,11328,
2026-09-21,P1,CO,5801,
2026-09-21,P1,NE,12170,
2026-09-21,P1,N,2936,
2026-09-21,P2,SE,15553,
2026-09-21,P2,S,7080,
2026-09-21,P2,CO,3626,
2026-09-21,P2,NE,7606,
2026-09-21,P2,N,1835,
2026-09-21,P3,SE,4147,
2026-09-21,P3,S,1888,
2026-09-21,P3,CO,967,
2026-09-21,P3,NE,2028,
2026-09-21,P3,N,489,
2026-09-21,P4,SE,8710,
2026-09-21,P4,S,3965,
2026-09-21,P4,CO,2030,
2026-09-21,P4,NE,4259,
2026-09-21,P4,N,1027,
2026-09-21,P5,SE,2592,
2026-09-21,P5,S,1180,
2026-09-21,P5,CO,604,
2026-09-21,P5,NE,1268,
2026-09-21,P5,N,306,
